training_seed,task,std_key,sample_index,candidate_count,clean_margin,sample_max_drift,sample_mean_drift,cert_pass,top1_flip,clean_best,noisy_best
3072,TwoRoom,0.0,0,65,318.6593933105469,461.5545959472656,110.26810455322266,False,True,0,27
3072,TwoRoom,0.0,1,65,90.96959686279297,205.57742309570312,19.239994049072266,False,True,0,52
3072,TwoRoom,0.0,2,65,168.87164306640625,341.9163818359375,64.01292419433594,False,True,0,23
3072,TwoRoom,0.0,3,65,28.34250259399414,66.20068359375,15.672943115234375,False,False,11,11
3072,TwoRoom,0.0,4,65,24.442874908447266,561.7514038085938,122.97738647460938,False,True,0,34
3072,TwoRoom,0.0,5,65,0.20052623748779297,361.9873962402344,90.48116302490234,False,True,21,27
3072,TwoRoom,0.0,6,65,282.8144226074219,421.85504150390625,71.55122375488281,False,True,0,41
3072,TwoRoom,0.0,7,65,59.32916259765625,424.518798828125,114.25160217285156,False,True,0,2
3072,TwoRoom,0.0,8,65,16.642837524414062,336.7338562011719,77.99378204345703,False,True,0,47
3072,TwoRoom,0.0,9,65,261.7386474609375,266.5675354003906,45.90784454345703,False,True,0,46
3072,TwoRoom,0.0,10,65,184.011962890625,402.9958190917969,63.49532699584961,False,True,0,55
3072,TwoRoom,0.0,11,65,42.59671401977539,152.65377807617188,28.214014053344727,False,True,0,7
3072,TwoRoom,0.0,12,65,90.87521362304688,421.69842529296875,103.60079956054688,False,True,0,43
3072,TwoRoom,0.0,13,65,251.47007751464844,265.3822021484375,35.62152099609375,False,True,0,21
3072,TwoRoom,0.0,14,65,235.9459686279297,297.2374572753906,47.33330154418945,False,True,0,30
3072,TwoRoom,0.0,15,65,132.40980529785156,484.2000427246094,133.12550354003906,False,True,0,28
3072,TwoRoom,0.0,16,65,2.635756492614746,336.40484619140625,115.68368530273438,False,True,13,49
3072,TwoRoom,0.0,17,65,168.15249633789062,215.24984741210938,42.15885925292969,False,True,0,29
3072,TwoRoom,0.0,18,65,234.8916015625,321.30523681640625,91.13688659667969,False,True,0,57
3072,TwoRoom,0.0,19,65,327.9432678222656,450.1655578613281,90.63542175292969,False,True,0,22
3072,TwoRoom,0.0,20,65,33.468017578125,584.423828125,210.6262969970703,False,True,0,18
3072,TwoRoom,0.0,21,65,234.46849060058594,425.76995849609375,43.736576080322266,False,True,0,31
3072,TwoRoom,0.0,22,65,48.97990417480469,234.35433959960938,79.32836151123047,False,False,0,0
3072,TwoRoom,0.0,23,65,22.24117660522461,385.85601806640625,85.78451538085938,False,True,0,35
3072,TwoRoom,0.0,24,65,287.5714111328125,275.92333984375,34.69025802612305,False,True,0,29
3072,TwoRoom,0.0,25,65,251.06082153320312,383.8581848144531,46.84992599487305,False,True,0,31
3072,TwoRoom,0.0,26,65,95.92269897460938,251.88035583496094,48.93912887573242,False,True,0,33
3072,TwoRoom,0.0,27,65,299.82098388671875,147.9942626953125,44.963829040527344,True,False,0,0
3072,TwoRoom,0.0,28,65,371.41748046875,558.1834106445312,80.33688354492188,False,True,0,18
3072,TwoRoom,0.0,29,65,3.11906099319458,281.99560546875,75.13927459716797,False,True,0,33
3072,TwoRoom,0.0,30,65,240.79373168945312,432.71417236328125,78.85205841064453,False,True,0,3
3072,TwoRoom,0.0,31,65,125.75396728515625,304.96630859375,99.99761962890625,False,True,0,46
3072,TwoRoom,0.0,32,65,159.60922241210938,196.65667724609375,22.16938018798828,False,True,0,64
3072,TwoRoom,0.0,33,65,43.44967269897461,443.3155517578125,154.35533142089844,False,True,0,62
3072,TwoRoom,0.0,34,65,106.7228012084961,272.33404541015625,84.89697265625,False,True,0,30
3072,TwoRoom,0.0,35,65,49.10246658325195,456.4339294433594,38.626033782958984,False,True,0,1
3072,TwoRoom,0.0,36,65,228.87081909179688,286.2951965332031,19.975055694580078,False,True,0,39
3072,TwoRoom,0.0,37,65,88.11091613769531,349.7694091796875,91.67816162109375,False,True,0,38
3072,TwoRoom,0.0,38,65,71.7858657836914,265.0824890136719,47.449153900146484,False,True,21,64
3072,TwoRoom,0.0,39,65,5.020541191101074,466.9589538574219,132.76473999023438,False,True,0,4
3072,TwoRoom,0.0,40,65,34.25489044189453,127.034423828125,34.48329544067383,False,True,0,50
3072,TwoRoom,0.0,41,65,290.5570983886719,239.87518310546875,28.414140701293945,False,False,0,0
3072,TwoRoom,0.0,42,65,169.7007598876953,263.10858154296875,70.21305847167969,False,True,0,29
3072,TwoRoom,0.0,43,65,46.11344528198242,247.2248077392578,59.83809280395508,False,True,8,40
3072,TwoRoom,0.0,44,65,297.823974609375,145.6085205078125,27.840707778930664,True,False,0,0
3072,TwoRoom,0.0,45,65,34.65980529785156,111.35626220703125,20.588228225708008,False,False,0,0
3072,TwoRoom,0.0,46,65,311.8203125,154.87530517578125,49.47429656982422,True,False,0,0
3072,TwoRoom,0.0,47,65,290.3956298828125,409.7539978027344,55.41551971435547,False,True,0,24
3072,TwoRoom,0.0,48,65,297.4691162109375,405.6976623535156,98.34427642822266,False,True,0,55
3072,TwoRoom,0.0,49,65,11.23575210571289,110.87401580810547,24.304481506347656,False,True,0,22
3072,TwoRoom,0.0,50,65,62.67716598510742,507.64117431640625,99.40980529785156,False,True,0,59
3072,TwoRoom,0.0,51,65,222.86671447753906,254.25608825683594,61.324161529541016,False,True,0,46
3072,TwoRoom,0.0,52,65,18.459117889404297,492.3233947753906,172.33160400390625,False,True,0,24
3072,TwoRoom,0.0,53,65,44.988651275634766,341.87603759765625,90.48814392089844,False,True,0,38
3072,TwoRoom,0.0,54,65,310.4148254394531,225.85791015625,68.62321472167969,False,False,0,0
3072,TwoRoom,0.0,55,65,210.15773010253906,304.22564697265625,79.60408020019531,False,True,0,28
3072,TwoRoom,0.0,56,65,289.03106689453125,438.7099609375,47.341976165771484,False,True,0,8
3072,TwoRoom,0.0,57,65,208.0082244873047,511.51806640625,121.66120910644531,False,True,0,2
3072,TwoRoom,0.0,58,65,50.84895324707031,532.0184326171875,61.1438102722168,False,True,44,63
3072,TwoRoom,0.0,59,65,30.880157470703125,506.13714599609375,109.18254089355469,False,True,0,62
3072,TwoRoom,0.0,60,65,34.946319580078125,302.6612548828125,50.55691146850586,False,True,36,13
3072,TwoRoom,0.0,61,65,202.99368286132812,230.92147827148438,47.90115737915039,False,True,0,51
3072,TwoRoom,0.0,62,65,4.820528984069824,468.45745849609375,146.673095703125,False,True,0,53
3072,TwoRoom,0.0,63,65,279.9789733886719,201.32455444335938,32.76821517944336,False,False,0,0
3072,TwoRoom,0.0,64,65,316.8559875488281,205.57583618164062,32.834720611572266,False,False,0,0
3072,TwoRoom,0.0,65,65,18.681961059570312,375.08050537109375,120.09830474853516,False,True,4,25
3072,TwoRoom,0.0,66,65,205.55223083496094,151.86566162109375,24.08580207824707,False,False,0,0
3072,TwoRoom,0.0,67,65,249.34759521484375,439.9718017578125,99.88326263427734,False,True,0,57
3072,TwoRoom,0.0,68,65,189.26705932617188,167.7566375732422,42.532920837402344,False,False,0,0
3072,TwoRoom,0.0,69,65,0.42384767532348633,440.3492736816406,108.1453857421875,False,True,61,6
3072,TwoRoom,0.0,70,65,199.33424377441406,418.4762268066406,41.12050247192383,False,True,0,58
3072,TwoRoom,0.0,71,65,79.89936828613281,292.3185729980469,48.03125762939453,False,True,0,28
3072,TwoRoom,0.0,72,65,91.44419860839844,461.60693359375,124.81838989257812,False,True,0,8
3072,TwoRoom,0.0,73,65,21.651456832885742,573.2103881835938,139.447998046875,False,True,0,23
3072,TwoRoom,0.0,74,65,222.6271514892578,331.00811767578125,71.60691833496094,False,True,0,20
3072,TwoRoom,0.0,75,65,277.58984375,336.164794921875,54.494903564453125,False,True,0,18
3072,TwoRoom,0.0,76,65,49.442474365234375,356.39923095703125,101.76376342773438,False,False,0,0
3072,TwoRoom,0.0,77,65,256.89300537109375,330.15411376953125,36.64097213745117,False,True,0,46
3072,TwoRoom,0.0,78,65,17.547203063964844,363.1095886230469,73.4441146850586,False,True,0,22
3072,TwoRoom,0.0,79,65,280.69903564453125,244.50485229492188,41.24446487426758,False,False,0,0
3072,TwoRoom,0.0,80,65,126.33722686767578,166.8521728515625,8.95829963684082,False,True,0,46
3072,TwoRoom,0.0,81,65,27.24578094482422,391.5397033691406,148.58160400390625,False,True,0,33
3072,TwoRoom,0.0,82,65,105.21968078613281,257.72589111328125,58.05146026611328,False,True,0,51
3072,TwoRoom,0.0,83,65,120.7166748046875,400.7846374511719,104.95037078857422,False,True,0,42
3072,TwoRoom,0.0,84,65,41.79551696777344,349.5991516113281,95.0123291015625,False,True,0,15
3072,TwoRoom,0.0,85,65,25.836589813232422,190.14498901367188,53.55134582519531,False,True,0,4
3072,TwoRoom,0.0,86,65,0.5650792121887207,38.6917724609375,6.558359622955322,False,False,0,0
3072,TwoRoom,0.0,87,65,0.5689868927001953,542.5540161132812,207.81471252441406,False,True,11,54
3072,TwoRoom,0.0,88,65,13.023029327392578,287.9241638183594,47.75309753417969,False,False,0,0
3072,TwoRoom,0.0,89,65,26.05791473388672,247.46197509765625,62.45039749145508,False,True,42,37
3072,TwoRoom,0.0,90,65,157.1641387939453,69.3167724609375,14.460346221923828,True,False,0,0
3072,TwoRoom,0.0,91,65,157.72396850585938,408.71331787109375,101.67658996582031,False,True,0,21
3072,TwoRoom,0.0,92,65,318.53076171875,108.33844757080078,16.50480842590332,True,False,0,0
3072,TwoRoom,0.0,93,65,66.52549743652344,105.63580322265625,16.156156539916992,False,True,0,34
3072,TwoRoom,0.0,94,65,82.81510925292969,241.7608642578125,49.35825729370117,False,True,0,5
3072,TwoRoom,0.0,95,65,282.0645446777344,306.6112365722656,98.939208984375,False,True,0,29
3072,TwoRoom,0.0,96,65,339.8381652832031,259.4024658203125,69.29808044433594,False,False,0,0
3072,TwoRoom,0.0,97,65,93.09181213378906,379.79486083984375,122.37409973144531,False,True,0,62
3072,TwoRoom,0.0,98,65,84.0185546875,495.8119812011719,169.76206970214844,False,True,0,56
3072,TwoRoom,0.0,99,65,277.3604431152344,432.3304138183594,94.43006134033203,False,True,0,62
3072,TwoRoom,0.08,0,65,301.2643737792969,8.5108642578125,1.286948561668396,True,False,0,0
3072,TwoRoom,0.08,1,65,73.83747863769531,8.55950927734375,1.4018787145614624,True,False,0,0
3072,TwoRoom,0.08,2,65,155.5980987548828,6.960693359375,0.9997859001159668,True,False,0,0
3072,TwoRoom,0.08,3,65,25.754776000976562,9.13360595703125,1.36615788936615,True,False,11,11
3072,TwoRoom,0.08,4,65,9.899663925170898,32.033233642578125,7.5100555419921875,False,False,0,0
3072,TwoRoom,0.08,5,65,13.009683609008789,35.78923797607422,1.9196842908859253,False,False,29,29
3072,TwoRoom,0.08,6,65,128.82643127441406,30.35028076171875,3.54827880859375,True,False,0,0
3072,TwoRoom,0.08,7,65,29.817520141601562,34.72880554199219,7.1048102378845215,False,False,0,0
3072,TwoRoom,0.08,8,65,1.5579891204833984,13.484649658203125,2.1078853607177734,False,False,0,0
3072,TwoRoom,0.08,9,65,276.95684814453125,7.824462890625,1.168973445892334,True,False,0,0
3072,TwoRoom,0.08,10,65,89.80270385742188,18.446434020996094,2.5697712898254395,True,False,0,0
3072,TwoRoom,0.08,11,65,18.443021774291992,7.197479248046875,0.8471360206604004,True,False,0,0
3072,TwoRoom,0.08,12,65,30.754514694213867,289.4656982421875,21.273624420166016,False,False,0,0
3072,TwoRoom,0.08,13,65,212.89175415039062,100.18817138671875,3.43373703956604,True,False,0,0
3072,TwoRoom,0.08,14,65,177.9762420654297,7.05049467086792,1.1470834016799927,True,False,0,0
3072,TwoRoom,0.08,15,65,58.39853286743164,3.967559814453125,1.0058255195617676,True,False,0,0
3072,TwoRoom,0.08,16,65,10.893020629882812,13.193229675292969,1.0806570053100586,False,False,13,13
3072,TwoRoom,0.08,17,65,228.26766967773438,9.847747802734375,2.136157989501953,True,False,0,0
3072,TwoRoom,0.08,18,65,131.5810546875,4.93878173828125,1.2591911554336548,True,False,0,0
3072,TwoRoom,0.08,19,65,305.6982421875,4.68975830078125,0.9601330161094666,True,False,0,0
3072,TwoRoom,0.08,20,65,12.07972526550293,1.4273681640625,0.4751300513744354,True,False,0,0
3072,TwoRoom,0.08,21,65,229.610107421875,5.701507568359375,0.7304942011833191,True,False,0,0
3072,TwoRoom,0.08,22,65,228.25733947753906,28.445159912109375,3.881190776824951,True,False,0,0
3072,TwoRoom,0.08,23,65,46.94729232788086,13.00201416015625,2.7663016319274902,True,False,0,0
3072,TwoRoom,0.08,24,65,227.1519012451172,6.00030517578125,1.393072247505188,True,False,0,0
3072,TwoRoom,0.08,25,65,218.94395446777344,6.167572021484375,0.6955509185791016,True,False,0,0
3072,TwoRoom,0.08,26,65,12.21600341796875,12.414840698242188,1.7510697841644287,False,False,0,0
3072,TwoRoom,0.08,27,65,256.91534423828125,10.296478271484375,2.6911330223083496,True,False,0,0
3072,TwoRoom,0.08,28,65,395.5807189941406,8.746673583984375,1.9052809476852417,True,False,0,0
3072,TwoRoom,0.08,29,65,4.237954616546631,53.513092041015625,5.783186435699463,False,True,50,0
3072,TwoRoom,0.08,30,65,246.31915283203125,13.5245361328125,3.676400899887085,True,False,0,0
3072,TwoRoom,0.08,31,65,120.63922882080078,39.6661376953125,3.4443960189819336,True,False,0,0
3072,TwoRoom,0.08,32,65,163.33343505859375,11.938369750976562,1.2175219058990479,True,False,0,0
3072,TwoRoom,0.08,33,65,107.97038269042969,42.90968322753906,8.085074424743652,True,False,0,0
3072,TwoRoom,0.08,34,65,96.19178771972656,18.389404296875,3.678816080093384,True,False,0,0
3072,TwoRoom,0.08,35,65,31.7015438079834,10.73858642578125,3.151456356048584,True,False,0,0
3072,TwoRoom,0.08,36,65,199.16107177734375,7.09397029876709,0.9946062564849854,True,False,0,0
3072,TwoRoom,0.08,37,65,28.790634155273438,19.53997039794922,1.5974212884902954,False,False,0,0
3072,TwoRoom,0.08,38,65,38.871559143066406,7.5,1.092976450920105,True,False,0,0
3072,TwoRoom,0.08,39,65,12.019420623779297,9.294113159179688,1.5804821252822876,False,False,0,0
3072,TwoRoom,0.08,40,65,42.364410400390625,5.3352813720703125,0.8032124638557434,True,False,0,0
3072,TwoRoom,0.08,41,65,288.0509033203125,8.56329345703125,1.3696086406707764,True,False,0,0
3072,TwoRoom,0.08,42,65,129.63819885253906,16.107513427734375,1.379120945930481,True,False,0,0
3072,TwoRoom,0.08,43,65,4.740636825561523,55.55079650878906,6.310797691345215,False,True,8,37
3072,TwoRoom,0.08,44,65,284.4249267578125,25.5430908203125,3.1377933025360107,True,False,0,0
3072,TwoRoom,0.08,45,65,210.15176391601562,13.2926025390625,0.8837981820106506,True,False,0,0
3072,TwoRoom,0.08,46,65,278.5806579589844,200.5584716796875,4.9253082275390625,False,False,0,0
3072,TwoRoom,0.08,47,65,208.6905059814453,4.0456695556640625,0.6666340827941895,True,False,0,0
3072,TwoRoom,0.08,48,65,253.0604248046875,16.529541015625,3.497114658355713,True,False,0,0
3072,TwoRoom,0.08,49,65,7.83924674987793,21.865982055664062,3.7336833477020264,False,True,0,8
3072,TwoRoom,0.08,50,65,54.44565200805664,21.95782470703125,5.732921600341797,True,False,0,0
3072,TwoRoom,0.08,51,65,240.84141540527344,20.5982666015625,2.5246479511260986,True,False,0,0
3072,TwoRoom,0.08,52,65,0.3246879577636719,8.120452880859375,1.8929728269577026,False,False,0,0
3072,TwoRoom,0.08,53,65,55.04334259033203,210.80694580078125,9.222179412841797,False,False,0,0
3072,TwoRoom,0.08,54,65,320.60986328125,32.475128173828125,2.160836935043335,True,False,0,0
3072,TwoRoom,0.08,55,65,178.94859313964844,7.201992034912109,0.47330740094184875,True,False,0,0
3072,TwoRoom,0.08,56,65,312.0594482421875,2.600808620452881,0.8412509560585022,True,False,0,0
3072,TwoRoom,0.08,57,65,89.23380279541016,7.990936279296875,1.0919263362884521,True,False,0,0
3072,TwoRoom,0.08,58,65,9.597304344177246,18.790435791015625,5.3580474853515625,False,False,0,0
3072,TwoRoom,0.08,59,65,64.99051666259766,13.406890869140625,2.4605367183685303,True,False,0,0
3072,TwoRoom,0.08,60,65,24.72855567932129,13.21337890625,1.0062366724014282,False,False,21,21
3072,TwoRoom,0.08,61,65,187.5099334716797,11.34051513671875,1.8435925245285034,True,False,0,0
3072,TwoRoom,0.08,62,65,4.9664716720581055,8.16143798828125,2.1598243713378906,False,False,0,0
3072,TwoRoom,0.08,63,65,155.59951782226562,10.362022399902344,1.8806800842285156,True,False,0,0
3072,TwoRoom,0.08,64,65,184.93960571289062,6.20849609375,2.2666642665863037,True,False,0,0
3072,TwoRoom,0.08,65,65,12.635560989379883,4.58807373046875,1.2802332639694214,True,False,0,0
3072,TwoRoom,0.08,66,65,244.86370849609375,4.37640380859375,0.8041262626647949,True,False,0,0
3072,TwoRoom,0.08,67,65,238.27352905273438,99.551025390625,7.013336658477783,True,False,0,0
3072,TwoRoom,0.08,68,65,185.5543212890625,4.4444580078125,0.8611197471618652,True,False,0,0
3072,TwoRoom,0.08,69,65,2.249034881591797,8.689804077148438,1.552603006362915,False,False,0,0
3072,TwoRoom,0.08,70,65,187.03347778320312,14.714107513427734,2.761206865310669,True,False,0,0
3072,TwoRoom,0.08,71,65,65.40032196044922,7.299072265625,0.6564395427703857,True,False,0,0
3072,TwoRoom,0.08,72,65,75.32201385498047,7.748077392578125,1.827831506729126,True,False,0,0
3072,TwoRoom,0.08,73,65,15.89549732208252,36.58575439453125,3.8031864166259766,False,False,0,0
3072,TwoRoom,0.08,74,65,89.42781829833984,9.17840576171875,0.9305536150932312,True,False,0,0
3072,TwoRoom,0.08,75,65,137.99270629882812,26.1285400390625,2.995835542678833,True,False,0,0
3072,TwoRoom,0.08,76,65,17.696943283081055,176.43988037109375,11.481621742248535,False,False,0,0
3072,TwoRoom,0.08,77,65,302.47515869140625,50.085479736328125,1.9175924062728882,True,False,0,0
3072,TwoRoom,0.08,78,65,34.318702697753906,34.415802001953125,4.3176774978637695,False,False,0,0
3072,TwoRoom,0.08,79,65,129.3370361328125,13.609466552734375,2.842528820037842,True,False,0,0
3072,TwoRoom,0.08,80,65,129.5326385498047,6.309234619140625,0.6580175757408142,True,False,0,0
3072,TwoRoom,0.08,81,65,24.693086624145508,5.0865478515625,0.6605843305587769,True,False,0,0
3072,TwoRoom,0.08,82,65,78.41691589355469,40.46399688720703,2.855952262878418,False,False,0,0
3072,TwoRoom,0.08,83,65,27.629932403564453,23.362953186035156,2.9905922412872314,False,False,0,0
3072,TwoRoom,0.08,84,65,10.767763137817383,43.06189727783203,1.2583388090133667,False,False,0,0
3072,TwoRoom,0.08,85,65,24.618974685668945,26.05986785888672,3.292992115020752,False,False,0,0
3072,TwoRoom,0.08,86,65,2.974562168121338,20.80523681640625,1.8039251565933228,False,False,0,0
3072,TwoRoom,0.08,87,65,1.3272576332092285,39.45098876953125,11.623189926147461,False,True,0,37
3072,TwoRoom,0.08,88,65,4.589251518249512,20.868133544921875,2.179570198059082,False,False,0,0
3072,TwoRoom,0.08,89,65,21.515243530273438,9.807525634765625,1.1162877082824707,True,False,23,23
3072,TwoRoom,0.08,90,65,152.38040161132812,15.308013916015625,1.9582728147506714,True,False,0,0
3072,TwoRoom,0.08,91,65,175.66712951660156,2.9674530029296875,0.468403160572052,True,False,0,0
3072,TwoRoom,0.08,92,65,338.02996826171875,12.5069580078125,1.8568718433380127,True,False,0,0
3072,TwoRoom,0.08,93,65,62.955902099609375,15.08734130859375,2.087101697921753,True,False,0,0
3072,TwoRoom,0.08,94,65,78.41728973388672,6.124053955078125,0.8111525177955627,True,False,0,0
3072,TwoRoom,0.08,95,65,346.0918884277344,6.4156494140625,0.8162977695465088,True,False,0,0
3072,TwoRoom,0.08,96,65,152.2559814453125,12.871246337890625,3.85539174079895,True,False,0,0
3072,TwoRoom,0.08,97,65,60.15357971191406,2.56329345703125,0.6998719573020935,True,False,0,0
3072,TwoRoom,0.08,98,65,246.82284545898438,4.99261474609375,1.2084895372390747,True,False,0,0
3072,TwoRoom,0.08,99,65,30.27897834777832,23.207672119140625,3.3047921657562256,False,False,0,0
3072,PushT,0.0,0,65,291.92132568359375,436.835693359375,47.114593505859375,False,True,0,60
3072,PushT,0.0,1,65,96.65787506103516,348.90911865234375,101.815185546875,False,True,0,23
3072,PushT,0.0,2,65,77.17011260986328,344.34130859375,83.90894317626953,False,True,0,56
3072,PushT,0.0,3,65,7.44183349609375,127.52517700195312,49.32893753051758,False,True,61,10
3072,PushT,0.0,4,65,175.6430206298828,418.22198486328125,82.18798065185547,False,True,0,61
3072,PushT,0.0,5,65,78.56106567382812,396.0772705078125,53.20913314819336,False,True,0,2
3072,PushT,0.0,6,65,0.757843017578125,133.690185546875,39.8798828125,False,True,51,37
3072,PushT,0.0,7,65,169.03640747070312,222.75662231445312,29.44057273864746,False,True,0,52
3072,PushT,0.0,8,65,189.5331268310547,173.3607940673828,46.548583984375,False,True,0,25
3072,PushT,0.0,9,65,117.59976959228516,89.79960632324219,26.211030960083008,False,False,0,0
3072,PushT,0.0,10,65,288.87652587890625,453.2360534667969,62.11945343017578,False,True,0,17
3072,PushT,0.0,11,65,74.50458526611328,418.6719665527344,185.11949157714844,False,True,0,39
3072,PushT,0.0,12,65,145.53414916992188,492.2406311035156,142.01632690429688,False,True,0,57
3072,PushT,0.0,13,65,198.95045471191406,448.9945983886719,53.54212951660156,False,True,0,56
3072,PushT,0.0,14,65,147.85154724121094,384.7397155761719,29.239559173583984,False,True,0,4
3072,PushT,0.0,15,65,93.62474060058594,303.2874450683594,79.66438293457031,False,True,0,25
3072,PushT,0.0,16,65,144.29052734375,429.0716552734375,127.37162017822266,False,True,0,7
3072,PushT,0.0,17,65,69.54635620117188,196.37258911132812,53.43748092651367,False,True,27,0
3072,PushT,0.0,18,65,191.41680908203125,375.77557373046875,70.48138427734375,False,True,0,48
3072,PushT,0.0,19,65,137.09796142578125,386.1685485839844,97.74591064453125,False,True,0,28
3072,PushT,0.0,20,65,274.4718322753906,411.5874328613281,82.05380249023438,False,True,0,54
3072,PushT,0.0,21,65,109.76299285888672,417.16851806640625,72.40105438232422,False,True,0,6
3072,PushT,0.0,22,65,120.69747161865234,276.0107727050781,86.83270263671875,False,True,0,12
3072,PushT,0.0,23,65,15.695442199707031,188.43951416015625,87.61878967285156,False,True,31,47
3072,PushT,0.0,24,65,275.62005615234375,320.2603759765625,59.86191177368164,False,True,0,63
3072,PushT,0.0,25,65,85.33407592773438,44.920196533203125,10.731734275817871,False,False,0,0
3072,PushT,0.0,26,65,1.44915771484375,279.3695068359375,110.45414733886719,False,True,0,26
3072,PushT,0.0,27,65,2.6546192169189453,296.14166259765625,80.49710083007812,False,True,21,55
3072,PushT,0.0,28,65,56.63508224487305,222.65736389160156,41.749000549316406,False,True,0,51
3072,PushT,0.0,29,65,50.854549407958984,216.2593994140625,89.65251159667969,False,True,0,30
3072,PushT,0.0,30,65,54.57441711425781,201.43728637695312,65.85152435302734,False,True,0,43
3072,PushT,0.0,31,65,215.34515380859375,214.97923278808594,64.3707275390625,False,False,0,0
3072,PushT,0.0,32,65,201.9981231689453,299.9537048339844,68.21699523925781,False,True,0,16
3072,PushT,0.0,33,65,127.7125015258789,252.6514892578125,72.53057098388672,False,True,0,4
3072,PushT,0.0,34,65,6.4948883056640625,284.220703125,57.96516799926758,False,True,4,45
3072,PushT,0.0,35,65,93.13363647460938,203.76991271972656,57.84169006347656,False,True,0,29
3072,PushT,0.0,36,65,67.13050842285156,340.90167236328125,61.33346939086914,False,True,0,20
3072,PushT,0.0,37,65,113.13259887695312,545.0116577148438,292.2485046386719,False,True,0,8
3072,PushT,0.0,38,65,163.2052459716797,200.16575622558594,31.767608642578125,False,True,0,57
3072,PushT,0.0,39,65,153.08538818359375,404.0140075683594,85.71553802490234,False,True,0,25
3072,PushT,0.0,40,65,67.12984466552734,461.7108459472656,59.477935791015625,False,True,0,12
3072,PushT,0.0,41,65,230.59854125976562,314.0667724609375,40.64488983154297,False,True,0,29
3072,PushT,0.0,42,65,248.8861083984375,393.605224609375,50.5652961730957,False,True,0,46
3072,PushT,0.0,43,65,96.28514099121094,195.0244598388672,41.17427062988281,False,True,35,27
3072,PushT,0.0,44,65,252.44778442382812,369.3528137207031,75.89186096191406,False,True,0,52
3072,PushT,0.0,45,65,86.20987701416016,375.78271484375,58.1798210144043,False,True,0,28
3072,PushT,0.0,46,65,164.2241973876953,423.18853759765625,90.55667114257812,False,True,0,38
3072,PushT,0.0,47,65,192.4818878173828,463.18963623046875,69.06736755371094,False,True,0,52
3072,PushT,0.0,48,65,309.6922607421875,425.91790771484375,40.44900131225586,False,True,0,31
3072,PushT,0.0,49,65,68.17938232421875,391.2029113769531,133.02818298339844,False,True,0,33
3072,PushT,0.0,50,65,33.93463134765625,168.9315948486328,77.53408813476562,False,True,30,56
3072,PushT,0.0,51,65,57.29866027832031,385.6535339355469,99.38035583496094,False,True,0,46
3072,PushT,0.0,52,65,268.9522399902344,397.5327453613281,36.89793014526367,False,True,0,14
3072,PushT,0.0,53,65,219.93829345703125,429.27154541015625,67.54802703857422,False,True,0,37
3072,PushT,0.0,54,65,248.77867126464844,333.0491027832031,30.104379653930664,False,True,0,26
3072,PushT,0.0,55,65,4.521482467651367,30.834575653076172,9.944048881530762,False,True,0,62
3072,PushT,0.0,56,65,184.72817993164062,172.1669158935547,30.743953704833984,False,False,0,0
3072,PushT,0.0,57,65,269.23968505859375,359.5263671875,34.95278549194336,False,True,0,3
3072,PushT,0.0,58,65,233.53985595703125,401.9403991699219,57.8419189453125,False,True,0,18
3072,PushT,0.0,59,65,198.68106079101562,276.79913330078125,52.65724182128906,False,True,0,60
3072,PushT,0.0,60,65,7.4514079093933105,172.68093872070312,112.42534637451172,False,True,1,2
3072,PushT,0.0,61,65,79.33338165283203,205.58956909179688,38.522239685058594,False,True,0,26
3072,PushT,0.0,62,65,191.79881286621094,335.8094482421875,49.4208984375,False,True,0,41
3072,PushT,0.0,63,65,270.52960205078125,292.2245178222656,53.33323287963867,False,True,0,55
3072,PushT,0.0,64,65,0.7302889823913574,85.35997009277344,55.5363655090332,False,True,57,0
3072,PushT,0.0,65,65,4.370918273925781,251.09609985351562,114.60736846923828,False,True,0,28
3072,PushT,0.0,66,65,75.36100769042969,390.3666687011719,71.20220184326172,False,True,0,61
3072,PushT,0.0,67,65,149.80218505859375,411.8385314941406,108.35443115234375,False,True,0,57
3072,PushT,0.0,68,65,18.15070343017578,292.3425598144531,92.31768798828125,False,True,0,53
3072,PushT,0.0,69,65,268.56683349609375,355.4654846191406,47.76585388183594,False,True,0,20
3072,PushT,0.0,70,65,317.3412780761719,330.7996520996094,109.58350372314453,False,True,0,16
3072,PushT,0.0,71,65,115.57398223876953,284.4590759277344,92.793701171875,False,True,0,61
3072,PushT,0.0,72,65,0.4282646179199219,173.5834503173828,62.88152313232422,False,True,0,46
3072,PushT,0.0,73,65,71.87727355957031,284.0820617675781,58.19702911376953,False,True,0,29
3072,PushT,0.0,74,65,2.061366558074951,87.04447174072266,26.478418350219727,False,True,0,44
3072,PushT,0.0,75,65,309.54266357421875,408.9651794433594,26.67003059387207,False,True,0,36
3072,PushT,0.0,76,65,313.102294921875,433.878662109375,76.47698211669922,False,True,0,6
3072,PushT,0.0,77,65,195.86148071289062,259.43035888671875,29.883779525756836,False,True,0,53
3072,PushT,0.0,78,65,178.94012451171875,313.19189453125,37.68343734741211,False,True,0,23
3072,PushT,0.0,79,65,320.47222900390625,487.704833984375,101.72398376464844,False,True,0,52
3072,PushT,0.0,80,65,303.3977355957031,397.26080322265625,44.128944396972656,False,True,0,43
3072,PushT,0.0,81,65,236.99758911132812,374.55712890625,40.65787124633789,False,True,0,3
3072,PushT,0.0,82,65,35.325157165527344,338.0278625488281,94.63560485839844,False,True,0,50
3072,PushT,0.0,83,65,27.726402282714844,298.5273742675781,89.96235656738281,False,True,0,43
3072,PushT,0.0,84,65,77.45281982421875,163.99981689453125,30.660551071166992,False,True,0,16
3072,PushT,0.0,85,65,158.5316925048828,294.863525390625,46.40056610107422,False,True,0,60
3072,PushT,0.0,86,65,0.8455810546875,211.2080841064453,57.70551300048828,False,True,25,22
3072,PushT,0.0,87,65,24.664875030517578,334.087890625,97.570068359375,False,True,0,61
3072,PushT,0.0,88,65,82.4467544555664,248.89157104492188,45.605777740478516,False,True,0,26
3072,PushT,0.0,89,65,270.8148193359375,271.8166809082031,98.84696197509766,False,True,0,47
3072,PushT,0.0,90,65,102.98355865478516,293.3264465332031,62.174072265625,False,True,0,13
3072,PushT,0.0,91,65,233.80381774902344,416.1836853027344,121.19837951660156,False,True,0,33
3072,PushT,0.0,92,65,230.70095825195312,186.3397216796875,51.599979400634766,False,True,0,33
3072,PushT,0.0,93,65,148.1445770263672,440.7695007324219,110.67020416259766,False,True,0,42
3072,PushT,0.0,94,65,237.21934509277344,393.09271240234375,55.96149444580078,False,True,0,54
3072,PushT,0.0,95,65,110.2864990234375,290.8153381347656,73.30205535888672,False,True,0,34
3072,PushT,0.0,96,65,0.6051483154296875,243.06222534179688,144.81422424316406,False,True,0,25
3072,PushT,0.0,97,65,236.50439453125,237.15365600585938,56.75389862060547,False,True,0,56
3072,PushT,0.0,98,65,276.1576232910156,339.5242919921875,57.01042175292969,False,True,0,59
3072,PushT,0.0,99,65,85.99374389648438,393.987548828125,72.74689483642578,False,True,0,35
3072,PushT,0.08,0,65,294.0391845703125,29.556396484375,3.2585361003875732,True,False,0,0
3072,PushT,0.08,1,65,99.16996002197266,12.063323974609375,2.507146120071411,True,False,0,0
3072,PushT,0.08,2,65,83.43415832519531,48.272308349609375,5.1798481941223145,False,False,0,0
3072,PushT,0.08,3,65,37.555320739746094,48.355682373046875,6.479827880859375,False,False,61,61
3072,PushT,0.08,4,65,146.84725952148438,17.170303344726562,2.366032123565674,True,False,0,0
3072,PushT,0.08,5,65,79.40180969238281,71.02052307128906,8.310495376586914,False,False,0,0
3072,PushT,0.08,6,65,16.553619384765625,10.242095947265625,2.2303335666656494,False,False,56,56
3072,PushT,0.08,7,65,177.66543579101562,6.37646484375,1.0964272022247314,True,False,0,0
3072,PushT,0.08,8,65,156.8172149658203,7.027923583984375,1.1615142822265625,True,False,0,0
3072,PushT,0.08,9,65,124.95903778076172,4.31976318359375,0.8859539031982422,True,False,0,0
3072,PushT,0.08,10,65,220.41128540039062,42.730010986328125,4.364875316619873,True,False,0,0
3072,PushT,0.08,11,65,84.85319519042969,27.309127807617188,13.037355422973633,True,False,0,0
3072,PushT,0.08,12,65,140.86900329589844,29.831436157226562,5.721641540527344,True,False,0,0
3072,PushT,0.08,13,65,236.23248291015625,31.382247924804688,3.834226369857788,True,False,0,0
3072,PushT,0.08,14,65,93.40936279296875,25.667724609375,2.4229445457458496,True,False,0,0
3072,PushT,0.08,15,65,120.53916931152344,49.534149169921875,3.7203431129455566,True,False,0,0
3072,PushT,0.08,16,65,193.71058654785156,10.3494873046875,2.344308853149414,True,False,0,0
3072,PushT,0.08,17,65,24.22003173828125,35.84149169921875,13.921066284179688,False,False,27,27
3072,PushT,0.08,18,65,173.87054443359375,17.450347900390625,1.3755131959915161,True,False,0,0
3072,PushT,0.08,19,65,153.1907958984375,14.439132690429688,4.2940449714660645,True,False,0,0
3072,PushT,0.08,20,65,263.4226379394531,27.88720703125,2.9306182861328125,True,False,0,0
3072,PushT,0.08,21,65,141.21096801757812,34.160736083984375,9.045821189880371,True,False,0,0
3072,PushT,0.08,22,65,64.0359878540039,19.32440185546875,4.480672359466553,True,False,0,0
3072,PushT,0.08,23,65,30.180133819580078,25.039306640625,3.380833864212036,False,False,0,0
3072,PushT,0.08,24,65,287.8725280761719,14.8739013671875,4.552880764007568,True,False,0,0
3072,PushT,0.08,25,65,58.1456184387207,15.480838775634766,4.51456880569458,True,False,0,0
3072,PushT,0.08,26,65,12.815113067626953,14.591522216796875,5.084640979766846,False,False,0,0
3072,PushT,0.08,27,65,1.8101863861083984,11.631423950195312,1.549959659576416,False,False,22,22
3072,PushT,0.08,28,65,81.13021087646484,15.21923828125,2.1570754051208496,True,False,0,0
3072,PushT,0.08,29,65,51.946205139160156,19.7908935546875,4.228601455688477,True,False,0,0
3072,PushT,0.08,30,65,31.259918212890625,18.8160400390625,3.2660365104675293,False,False,0,0
3072,PushT,0.08,31,65,194.99191284179688,7.3978271484375,1.884154200553894,True,False,0,0
3072,PushT,0.08,32,65,108.27656555175781,104.29289245605469,7.260452747344971,False,False,0,0
3072,PushT,0.08,33,65,70.98363494873047,15.947021484375,3.74741268157959,True,False,0,0
3072,PushT,0.08,34,65,1.526580810546875,72.81497192382812,12.304302215576172,False,True,4,0
3072,PushT,0.08,35,65,72.767578125,98.2439193725586,3.238661766052246,False,False,0,0
3072,PushT,0.08,36,65,194.53201293945312,28.5625,1.9168418645858765,True,False,0,0
3072,PushT,0.08,37,65,47.2795295715332,47.36517333984375,6.5572285652160645,False,False,0,0
3072,PushT,0.08,38,65,84.49119567871094,9.268035888671875,3.2658815383911133,True,False,0,0
3072,PushT,0.08,39,65,112.11383056640625,11.547454833984375,3.3972134590148926,True,False,0,0
3072,PushT,0.08,40,65,59.69542694091797,10.861557006835938,2.2752232551574707,True,False,0,0
3072,PushT,0.08,41,65,296.6888122558594,7.6715087890625,1.228058934211731,True,False,0,0
3072,PushT,0.08,42,65,123.90895080566406,9.466827392578125,1.3599414825439453,True,False,0,0
3072,PushT,0.08,43,65,39.954811096191406,60.198272705078125,4.573061943054199,False,False,35,35
3072,PushT,0.08,44,65,234.828369140625,21.942466735839844,3.41648530960083,True,False,0,0
3072,PushT,0.08,45,65,59.035423278808594,37.863800048828125,4.296454429626465,False,False,0,0
3072,PushT,0.08,46,65,150.5795440673828,33.8182373046875,3.3310229778289795,True,False,0,0
3072,PushT,0.08,47,65,121.46297454833984,22.67724609375,7.620077610015869,True,False,0,0
3072,PushT,0.08,48,65,337.9023132324219,5.103091239929199,1.4933429956436157,True,False,0,0
3072,PushT,0.08,49,65,23.951885223388672,12.793548583984375,2.6144657135009766,False,False,0,0
3072,PushT,0.08,50,65,32.92095184326172,51.555206298828125,6.157987117767334,False,False,0,0
3072,PushT,0.08,51,65,52.70843505859375,6.957550048828125,2.209075450897217,True,False,0,0
3072,PushT,0.08,52,65,297.4108581542969,12.65435791015625,1.6001136302947998,True,False,0,0
3072,PushT,0.08,53,65,313.1448669433594,34.542266845703125,3.9445738792419434,True,False,0,0
3072,PushT,0.08,54,65,236.63865661621094,6.23333740234375,1.355388879776001,True,False,0,0
3072,PushT,0.08,55,65,4.130219459533691,2.9528656005859375,1.7374883890151978,False,False,5,5
3072,PushT,0.08,56,65,224.80972290039062,63.35748291015625,7.413728713989258,True,False,0,0
3072,PushT,0.08,57,65,263.786376953125,22.776546478271484,3.551039457321167,True,False,0,0
3072,PushT,0.08,58,65,181.3417205810547,16.892532348632812,3.971727132797241,True,False,0,0
3072,PushT,0.08,59,65,109.05059814453125,6.98699951171875,2.774789333343506,True,False,0,0
3072,PushT,0.08,60,65,1.1562671661376953,8.6590576171875,2.1217868328094482,False,False,1,1
3072,PushT,0.08,61,65,40.404205322265625,40.722198486328125,10.973535537719727,False,False,0,0
3072,PushT,0.08,62,65,226.84982299804688,24.695621490478516,2.7125742435455322,True,False,0,0
3072,PushT,0.08,63,65,274.0408935546875,21.59307861328125,3.5329227447509766,True,False,0,0
3072,PushT,0.08,64,65,0.4960618019104004,15.707761764526367,1.969524621963501,False,False,56,56
3072,PushT,0.08,65,65,2.5061206817626953,9.811676025390625,4.737346172332764,False,True,12,0
3072,PushT,0.08,66,65,104.51863098144531,21.876678466796875,4.994497299194336,True,False,0,0
3072,PushT,0.08,67,65,132.63967895507812,9.595993041992188,2.7583024501800537,True,False,0,0
3072,PushT,0.08,68,65,21.321094512939453,120.1691665649414,14.174952507019043,False,False,0,0
3072,PushT,0.08,69,65,154.8323974609375,14.62933349609375,4.1915435791015625,True,False,0,0
3072,PushT,0.08,70,65,363.5061950683594,7.0096435546875,2.9594674110412598,True,False,0,0
3072,PushT,0.08,71,65,157.38888549804688,10.117523193359375,1.5789486169815063,True,False,0,0
3072,PushT,0.08,72,65,7.0815887451171875,4.313690185546875,1.4614180326461792,False,False,0,0
3072,PushT,0.08,73,65,40.87870407104492,12.686172485351562,1.817929744720459,True,False,0,0
3072,PushT,0.08,74,65,0.13104724884033203,5.433021545410156,2.6033031940460205,False,False,14,14
3072,PushT,0.08,75,65,282.9906005859375,12.517333984375,2.559584379196167,True,False,0,0
3072,PushT,0.08,76,65,157.54290771484375,14.415313720703125,1.3249026536941528,True,False,0,0
3072,PushT,0.08,77,65,198.44805908203125,61.88207244873047,3.0779635906219482,True,False,0,0
3072,PushT,0.08,78,65,235.38009643554688,12.640228271484375,2.185774564743042,True,False,0,0
3072,PushT,0.08,79,65,282.70953369140625,9.1728515625,1.4341026544570923,True,False,0,0
3072,PushT,0.08,80,65,301.4136962890625,15.863739013671875,2.6010239124298096,True,False,0,0
3072,PushT,0.08,81,65,301.9297790527344,7.95098876953125,1.2414700984954834,True,False,0,0
3072,PushT,0.08,82,65,3.4439010620117188,58.03064727783203,6.074313640594482,False,False,0,0
3072,PushT,0.08,83,65,20.29875946044922,31.820343017578125,3.6198058128356934,False,False,0,0
3072,PushT,0.08,84,65,25.224212646484375,110.29434204101562,5.486107349395752,False,False,0,0
3072,PushT,0.08,85,65,175.68173217773438,19.00823974609375,4.05560302734375,True,False,0,0
3072,PushT,0.08,86,65,6.343841552734375,27.844749450683594,3.0776445865631104,False,True,25,57
3072,PushT,0.08,87,65,10.816156387329102,10.54608154296875,2.963318347930908,False,False,0,0
3072,PushT,0.08,88,65,160.38851928710938,54.11524963378906,3.861255407333374,True,False,0,0
3072,PushT,0.08,89,65,232.31002807617188,34.80328369140625,3.455353260040283,True,False,0,0
3072,PushT,0.08,90,65,64.13259887695312,8.3642578125,2.4072999954223633,True,False,0,0
3072,PushT,0.08,91,65,319.4676513671875,49.12030029296875,9.083612442016602,True,False,0,0
3072,PushT,0.08,92,65,179.8549346923828,4.002685546875,0.9154223203659058,True,False,0,0
3072,PushT,0.08,93,65,142.78318786621094,28.983993530273438,7.241830348968506,True,False,0,0
3072,PushT,0.08,94,65,253.65696716308594,6.99981689453125,1.1587170362472534,True,False,0,0
3072,PushT,0.08,95,65,149.42837524414062,10.98211669921875,3.9443271160125732,True,False,0,0
3072,PushT,0.08,96,65,3.0914878845214844,10.273162841796875,2.6177117824554443,False,False,0,0
3072,PushT,0.08,97,65,271.4914245605469,9.850616455078125,1.8518999814987183,True,False,0,0
3072,PushT,0.08,98,65,315.993896484375,3.937255859375,1.1802690029144287,True,False,0,0
3072,PushT,0.08,99,65,84.55131530761719,5.048675537109375,1.0069925785064697,True,False,0,0
3072,Reacher,0.0,0,65,9.54051685333252,460.2894287109375,132.73684692382812,False,True,0,56
3072,Reacher,0.0,1,65,21.270584106445312,286.9362487792969,119.24301147460938,False,True,0,17
3072,Reacher,0.0,2,65,5.256829738616943,275.970703125,99.33378601074219,False,True,0,60
3072,Reacher,0.0,3,65,60.509124755859375,282.4829406738281,139.80252075195312,False,True,0,8
3072,Reacher,0.0,4,65,2.815316915512085,336.0462341308594,101.83792114257812,False,True,0,26
3072,Reacher,0.0,5,65,6.732868671417236,229.85574340820312,71.8842544555664,False,True,0,28
3072,Reacher,0.0,6,65,20.53612518310547,257.7799987792969,53.756229400634766,False,True,0,41
3072,Reacher,0.0,7,65,11.275505065917969,274.486328125,88.09477996826172,False,True,0,11
3072,Reacher,0.0,8,65,298.190185546875,254.80856323242188,128.87330627441406,False,True,0,62
3072,Reacher,0.0,9,65,13.250269889831543,347.8978271484375,117.15660858154297,False,True,0,40
3072,Reacher,0.0,10,65,0.7627509832382202,220.10211181640625,91.98223114013672,False,True,0,3
3072,Reacher,0.0,11,65,16.642549514770508,378.26513671875,78.30210876464844,False,True,0,4
3072,Reacher,0.0,12,65,23.431703567504883,202.2631072998047,58.89387893676758,False,True,0,47
3072,Reacher,0.0,13,65,22.54463768005371,249.2236328125,138.12811279296875,False,True,0,17
3072,Reacher,0.0,14,65,5.850761413574219,137.53439331054688,17.73668098449707,False,False,0,0
3072,Reacher,0.0,15,65,6.201404571533203,221.1937255859375,56.481876373291016,False,True,0,16
3072,Reacher,0.0,16,65,33.494468688964844,324.964111328125,108.4822998046875,False,True,0,14
3072,Reacher,0.0,17,65,12.488483428955078,428.6920471191406,124.74968719482422,False,True,0,59
3072,Reacher,0.0,18,65,3.527639865875244,344.24920654296875,85.50669860839844,False,True,0,35
3072,Reacher,0.0,19,65,20.638681411743164,176.32801818847656,28.913761138916016,False,False,0,0
3072,Reacher,0.0,20,65,22.906187057495117,340.20391845703125,105.54015350341797,False,True,0,48
3072,Reacher,0.0,21,65,57.99917984008789,251.5579833984375,124.08424377441406,False,True,0,4
3072,Reacher,0.0,22,65,0.3427566587924957,349.74163818359375,152.06333923339844,False,True,0,29
3072,Reacher,0.0,23,65,0.034746408462524414,421.7514343261719,161.11817932128906,False,True,54,36
3072,Reacher,0.0,24,65,28.164386749267578,238.08639526367188,146.97677612304688,False,True,0,15
3072,Reacher,0.0,25,65,29.4627628326416,193.62330627441406,48.24846649169922,False,True,0,51
3072,Reacher,0.0,26,65,77.55682373046875,401.21734619140625,150.70751953125,False,True,0,39
3072,Reacher,0.0,27,65,238.3246612548828,390.7222900390625,41.93123245239258,False,True,0,38
3072,Reacher,0.0,28,65,27.781749725341797,97.99212646484375,15.189322471618652,False,False,0,0
3072,Reacher,0.0,29,65,0.21305513381958008,239.23785400390625,94.37781524658203,False,True,0,21
3072,Reacher,0.0,30,65,38.54753112792969,66.90589904785156,17.423107147216797,False,False,0,0
3072,Reacher,0.0,31,65,10.239389419555664,307.5835266113281,123.60714721679688,False,True,0,9
3072,Reacher,0.0,32,65,1.7694590091705322,243.43609619140625,81.5602035522461,False,True,0,19
3072,Reacher,0.0,33,65,7.033543586730957,379.3819885253906,134.8668975830078,False,True,0,29
3072,Reacher,0.0,34,65,14.586114883422852,399.3663330078125,68.79780578613281,False,True,0,60
3072,Reacher,0.0,35,65,19.02780532836914,360.0548095703125,154.1672821044922,False,True,0,18
3072,Reacher,0.0,36,65,150.461181640625,297.64862060546875,127.60372924804688,False,True,0,52
3072,Reacher,0.0,37,65,19.103120803833008,291.64923095703125,61.093231201171875,False,True,0,11
3072,Reacher,0.0,38,65,22.781234741210938,345.74896240234375,88.66332244873047,False,True,0,33
3072,Reacher,0.0,39,65,9.429341316223145,258.9615478515625,60.131431579589844,False,True,0,29
3072,Reacher,0.0,40,65,12.259014129638672,256.20123291015625,123.5827407836914,False,True,0,40
3072,Reacher,0.0,41,65,11.844186782836914,342.7386779785156,123.75357818603516,False,True,0,34
3072,Reacher,0.0,42,65,55.75587844848633,100.1639404296875,24.057857513427734,False,False,0,0
3072,Reacher,0.0,43,65,3.7283973693847656,299.15069580078125,143.81649780273438,False,True,0,5
3072,Reacher,0.0,44,65,42.619606018066406,300.9223937988281,96.12059020996094,False,True,0,57
3072,Reacher,0.0,45,65,6.720669746398926,371.4414978027344,118.26594543457031,False,True,0,20
3072,Reacher,0.0,46,65,19.3618106842041,162.8091583251953,51.20921325683594,False,True,0,34
3072,Reacher,0.0,47,65,29.002817153930664,247.079833984375,57.12378692626953,False,True,0,20
3072,Reacher,0.0,48,65,3.287682294845581,266.56439208984375,129.6519317626953,False,True,0,30
3072,Reacher,0.0,49,65,5.545435905456543,401.0835876464844,116.02762603759766,False,True,0,62
3072,Reacher,0.0,50,65,10.783376693725586,345.6728820800781,107.83111572265625,False,True,0,28
3072,Reacher,0.0,51,65,14.222416877746582,266.47052001953125,128.30215454101562,False,True,0,50
3072,Reacher,0.0,52,65,80.36827087402344,326.3382568359375,80.963134765625,False,True,0,61
3072,Reacher,0.0,53,65,1.7094011306762695,294.08392333984375,58.4958381652832,False,True,0,33
3072,Reacher,0.0,54,65,56.36028289794922,173.17552185058594,40.43914031982422,False,False,0,0
3072,Reacher,0.0,55,65,14.43266487121582,296.5321350097656,118.05177307128906,False,True,0,53
3072,Reacher,0.0,56,65,321.3135681152344,46.5780029296875,10.546731948852539,True,False,0,0
3072,Reacher,0.0,57,65,47.17716979980469,430.18353271484375,84.52852630615234,False,True,0,52
3072,Reacher,0.0,58,65,13.45097541809082,265.6695556640625,63.30128479003906,False,True,0,57
3072,Reacher,0.0,59,65,13.249058723449707,406.3514099121094,138.6750030517578,False,True,0,29
3072,Reacher,0.0,60,65,126.44013214111328,485.38385009765625,67.60234069824219,False,True,0,29
3072,Reacher,0.0,61,65,232.39112854003906,261.75140380859375,150.08570861816406,False,True,0,45
3072,Reacher,0.0,62,65,52.206199645996094,215.38299560546875,38.10451889038086,False,True,0,28
3072,Reacher,0.0,63,65,3.874891519546509,219.507080078125,115.96829223632812,False,True,0,47
3072,Reacher,0.0,64,65,1.6219382286071777,354.6421813964844,108.12374114990234,False,True,38,39
3072,Reacher,0.0,65,65,85.21878814697266,482.93438720703125,88.85506439208984,False,True,0,39
3072,Reacher,0.0,66,65,17.51291847229004,88.36166381835938,16.95440673828125,False,True,0,15
3072,Reacher,0.0,67,65,1.026155948638916,236.62890625,109.19005584716797,False,True,0,61
3072,Reacher,0.0,68,65,11.395256996154785,275.2823486328125,94.26361846923828,False,True,0,46
3072,Reacher,0.0,69,65,6.680247783660889,445.1474609375,157.9794464111328,False,False,0,0
3072,Reacher,0.0,70,65,0.3083682060241699,140.6616973876953,39.94771957397461,False,True,25,11
3072,Reacher,0.0,71,65,11.10962963104248,243.37266540527344,90.64468383789062,False,True,0,58
3072,Reacher,0.0,72,65,16.54159164428711,201.23782348632812,77.45303344726562,False,True,0,38
3072,Reacher,0.0,73,65,5.769465446472168,465.0357360839844,111.19622802734375,False,True,0,18
3072,Reacher,0.0,74,65,8.841472625732422,204.42144775390625,44.2078971862793,False,False,0,0
3072,Reacher,0.0,75,65,92.85202026367188,348.49810791015625,116.4261703491211,False,True,0,61
3072,Reacher,0.0,76,65,12.125856399536133,193.1657257080078,57.998023986816406,False,True,0,15
3072,Reacher,0.0,77,65,9.079435348510742,147.72616577148438,35.70464324951172,False,False,0,0
3072,Reacher,0.0,78,65,9.952033996582031,246.24073791503906,76.1480712890625,False,True,0,53
3072,Reacher,0.0,79,65,160.0109405517578,367.4691467285156,78.55217742919922,False,True,0,39
3072,Reacher,0.0,80,65,16.49228286743164,479.0438232421875,113.8182373046875,False,True,0,17
3072,Reacher,0.0,81,65,37.401023864746094,383.4528503417969,104.52972412109375,False,True,0,13
3072,Reacher,0.0,82,65,21.253372192382812,207.0927734375,54.771846771240234,False,True,0,60
3072,Reacher,0.0,83,65,68.18507385253906,294.0687255859375,75.77147674560547,False,False,0,0
3072,Reacher,0.0,84,65,6.771836280822754,144.8779296875,26.746261596679688,False,False,0,0
3072,Reacher,0.0,85,65,21.682140350341797,107.98827362060547,15.529058456420898,False,True,0,54
3072,Reacher,0.0,86,65,3.3769378662109375,350.5614013671875,138.5745391845703,False,True,25,10
3072,Reacher,0.0,87,65,4.252345561981201,421.5882873535156,108.33311462402344,False,True,0,30
3072,Reacher,0.0,88,65,6.046135902404785,444.2713928222656,180.84762573242188,False,True,0,24
3072,Reacher,0.0,89,65,65.70904541015625,306.38800048828125,142.3549346923828,False,True,0,26
3072,Reacher,0.0,90,65,17.60957908630371,416.6441345214844,133.2460174560547,False,True,0,29
3072,Reacher,0.0,91,65,1.886270523071289,263.9371337890625,136.55931091308594,False,True,0,36
3072,Reacher,0.0,92,65,21.94884490966797,352.56915283203125,80.72814178466797,False,True,0,31
3072,Reacher,0.0,93,65,25.32514190673828,203.55615234375,114.59092712402344,False,True,0,26
3072,Reacher,0.0,94,65,9.302576065063477,112.44244384765625,23.228673934936523,False,True,0,24
3072,Reacher,0.0,95,65,5.833656311035156,380.65728759765625,103.4204330444336,False,True,0,36
3072,Reacher,0.0,96,65,0.21035140752792358,221.6488494873047,54.540199279785156,False,True,22,3
3072,Reacher,0.0,97,65,20.25421142578125,291.32379150390625,130.9591827392578,False,True,0,1
3072,Reacher,0.0,98,65,4.068586349487305,336.3116149902344,100.43373107910156,False,True,0,54
3072,Reacher,0.0,99,65,20.959461212158203,203.8431396484375,32.25772476196289,False,True,0,39
3072,Reacher,0.08,0,65,13.25171184539795,14.451217651367188,3.7923450469970703,False,False,0,0
3072,Reacher,0.08,1,65,22.91299819946289,4.650146484375,1.446333646774292,True,False,0,0
3072,Reacher,0.08,2,65,10.793362617492676,3.1853790283203125,0.8503548502922058,True,False,0,0
3072,Reacher,0.08,3,65,54.424747467041016,10.9783935546875,1.570646047592163,True,False,0,0
3072,Reacher,0.08,4,65,1.9369926452636719,5.8255615234375,2.233912944793701,False,False,0,0
3072,Reacher,0.08,5,65,9.186800003051758,1.9457244873046875,0.5651599764823914,True,False,0,0
3072,Reacher,0.08,6,65,28.949935913085938,1.5218963623046875,0.3068760335445404,True,False,0,0
3072,Reacher,0.08,7,65,19.231754302978516,8.58441162109375,2.5849485397338867,True,False,0,0
3072,Reacher,0.08,8,65,308.2984313964844,1.71893310546875,0.21068613231182098,True,False,0,0
3072,Reacher,0.08,9,65,17.784603118896484,5.9937591552734375,1.5146093368530273,True,False,0,0
3072,Reacher,0.08,10,65,3.2114269733428955,6.8016204833984375,2.3442060947418213,False,False,0,0
3072,Reacher,0.08,11,65,23.71880531311035,10.104522705078125,2.316664695739746,True,False,0,0
3072,Reacher,0.08,12,65,21.548778533935547,10.926727294921875,3.65716552734375,False,False,0,0
3072,Reacher,0.08,13,65,22.933191299438477,6.274810791015625,1.3342409133911133,True,False,0,0
3072,Reacher,0.08,14,65,7.6868391036987305,3.282806396484375,0.6397284269332886,True,False,0,0
3072,Reacher,0.08,15,65,10.354684829711914,9.454681396484375,2.5140469074249268,False,False,0,0
3072,Reacher,0.08,16,65,24.696748733520508,3.0913009643554688,1.0814892053604126,True,False,0,0
3072,Reacher,0.08,17,65,7.285409927368164,1.539093017578125,0.4142477214336395,True,False,0,0
3072,Reacher,0.08,18,65,2.880399703979492,10.111625671386719,2.579113245010376,False,False,0,0
3072,Reacher,0.08,19,65,21.28707504272461,9.830078125,2.0690853595733643,True,False,0,0
3072,Reacher,0.08,20,65,16.204021453857422,6.0106201171875,1.6107362508773804,True,False,0,0
3072,Reacher,0.08,21,65,66.50291442871094,2.988311767578125,0.44441694021224976,True,False,0,0
3072,Reacher,0.08,22,65,0.3168013095855713,3.439300537109375,0.7693521976470947,False,False,52,52
3072,Reacher,0.08,23,65,0.035671234130859375,15.932937622070312,1.6517153978347778,False,True,0,54
3072,Reacher,0.08,24,65,22.0944881439209,3.470947265625,1.046324610710144,True,False,0,0
3072,Reacher,0.08,25,65,27.921077728271484,2.472452163696289,0.4166097640991211,True,False,0,0
3072,Reacher,0.08,26,65,110.74368286132812,10.9580078125,1.2432698011398315,True,False,0,0
3072,Reacher,0.08,27,65,253.394775390625,7.92840576171875,1.335376501083374,True,False,0,0
3072,Reacher,0.08,28,65,32.14724349975586,8.515899658203125,2.8333685398101807,True,False,0,0
3072,Reacher,0.08,29,65,0.3958047032356262,3.402923583984375,1.1132113933563232,False,False,0,0
3072,Reacher,0.08,30,65,23.628042221069336,6.31134033203125,1.408311367034912,True,False,0,0
3072,Reacher,0.08,31,65,32.171607971191406,11.752288818359375,2.6451282501220703,True,False,0,0
3072,Reacher,0.08,32,65,4.167941570281982,9.54248046875,3.161593198776245,False,False,0,0
3072,Reacher,0.08,33,65,8.114192962646484,11.1822509765625,4.417708396911621,False,False,0,0
3072,Reacher,0.08,34,65,16.653127670288086,10.67462158203125,2.6404247283935547,False,False,0,0
3072,Reacher,0.08,35,65,6.677533149719238,4.0452423095703125,1.148984432220459,False,False,0,0
3072,Reacher,0.08,36,65,150.8768768310547,5.9158935546875,0.7721489071846008,True,False,0,0
3072,Reacher,0.08,37,65,29.008180618286133,14.556549072265625,2.978069543838501,False,False,0,0
3072,Reacher,0.08,38,65,46.77458953857422,3.003082275390625,0.8807105422019958,True,False,0,0
3072,Reacher,0.08,39,65,16.194683074951172,2.81097412109375,0.8018642663955688,True,False,0,0
3072,Reacher,0.08,40,65,14.212554931640625,3.0901031494140625,0.7396031022071838,True,False,0,0
3072,Reacher,0.08,41,65,15.369244575500488,2.1519775390625,0.5889539122581482,True,False,0,0
3072,Reacher,0.08,42,65,45.367881774902344,2.3938980102539062,0.512461245059967,True,False,0,0
3072,Reacher,0.08,43,65,12.959691047668457,9.709075927734375,2.665818452835083,False,False,0,0
3072,Reacher,0.08,44,65,39.76881790161133,5.6446380615234375,1.233018398284912,True,False,0,0
3072,Reacher,0.08,45,65,10.858820915222168,15.100830078125,1.7762281894683838,False,False,0,0
3072,Reacher,0.08,46,65,21.194223403930664,1.6797103881835938,0.5081297755241394,True,False,0,0
3072,Reacher,0.08,47,65,38.67397689819336,2.6060714721679688,0.30323854088783264,True,False,0,0
3072,Reacher,0.08,48,65,1.420609474182129,8.519363403320312,2.25079345703125,False,False,0,0
3072,Reacher,0.08,49,65,23.003459930419922,5.729942321777344,1.839282751083374,True,False,0,0
3072,Reacher,0.08,50,65,14.23697566986084,14.904998779296875,4.606766700744629,False,False,0,0
3072,Reacher,0.08,51,65,23.126327514648438,9.167327880859375,2.3478503227233887,True,False,0,0
3072,Reacher,0.08,52,65,87.07113647460938,3.883453369140625,0.8177787661552429,True,False,0,0
3072,Reacher,0.08,53,65,3.899700880050659,5.9458160400390625,1.2200639247894287,False,False,0,0
3072,Reacher,0.08,54,65,49.56346893310547,6.084014892578125,1.2989121675491333,True,False,0,0
3072,Reacher,0.08,55,65,16.86095428466797,16.4561767578125,2.9213197231292725,False,False,0,0
3072,Reacher,0.08,56,65,318.1687316894531,2.47650146484375,0.6409595012664795,True,False,0,0
3072,Reacher,0.08,57,65,42.006038665771484,4.59136962890625,1.1373329162597656,True,False,0,0
3072,Reacher,0.08,58,65,14.954545021057129,3.49395751953125,0.882793128490448,True,False,0,0
3072,Reacher,0.08,59,65,10.445484161376953,7.7882232666015625,1.3681259155273438,False,False,0,0
3072,Reacher,0.08,60,65,131.28770446777344,4.42742919921875,0.8386572599411011,True,False,0,0
3072,Reacher,0.08,61,65,229.25514221191406,3.6934814453125,0.8430569767951965,True,False,0,0
3072,Reacher,0.08,62,65,43.46792221069336,13.333175659179688,1.874459981918335,True,False,0,0
3072,Reacher,0.08,63,65,8.65975570678711,4.4942169189453125,1.1128641366958618,False,False,0,0
3072,Reacher,0.08,64,65,0.5483090877532959,2.3985748291015625,0.866780698299408,False,False,38,38
3072,Reacher,0.08,65,65,86.19346618652344,1.646453857421875,0.1888727843761444,True,False,0,0
3072,Reacher,0.08,66,65,8.897115707397461,7.562652587890625,1.3480795621871948,False,False,0,0
3072,Reacher,0.08,67,65,3.1118483543395996,3.7921905517578125,1.0086628198623657,False,False,0,0
3072,Reacher,0.08,68,65,26.842994689941406,9.556976318359375,1.7508373260498047,True,False,0,0
3072,Reacher,0.08,69,65,0.9128365516662598,12.64898681640625,1.3186266422271729,False,False,0,0
3072,Reacher,0.08,70,65,0.0467396080493927,8.218917846679688,2.3369674682617188,False,True,25,0
3072,Reacher,0.08,71,65,7.093912124633789,7.539398193359375,1.8446186780929565,False,False,0,0
3072,Reacher,0.08,72,65,24.05988121032715,22.474029541015625,4.849831581115723,False,False,0,0
3072,Reacher,0.08,73,65,0.6238757371902466,5.1632843017578125,1.258341908454895,False,False,0,0
3072,Reacher,0.08,74,65,7.224255561828613,2.68450927734375,0.9180244207382202,True,False,0,0
3072,Reacher,0.08,75,65,64.75724792480469,10.254608154296875,2.1963706016540527,True,False,0,0
3072,Reacher,0.08,76,65,18.94633674621582,9.885223388671875,3.043405294418335,False,False,0,0
3072,Reacher,0.08,77,65,7.273035049438477,9.26220703125,1.5845221281051636,False,False,0,0
3072,Reacher,0.08,78,65,6.535902976989746,13.165313720703125,4.317255020141602,False,False,0,0
3072,Reacher,0.08,79,65,171.27938842773438,0.526275634765625,0.13445135951042175,True,False,0,0
3072,Reacher,0.08,80,65,29.345909118652344,11.732025146484375,3.650569438934326,True,False,0,0
3072,Reacher,0.08,81,65,53.07619857788086,7.19842529296875,1.201654314994812,True,False,0,0
3072,Reacher,0.08,82,65,19.19387435913086,5.39593505859375,1.4839423894882202,True,False,0,0
3072,Reacher,0.08,83,65,53.726661682128906,3.38726806640625,0.7249764204025269,True,False,0,0
3072,Reacher,0.08,84,65,11.658706665039062,1.840301513671875,0.4847165644168854,True,False,0,0
3072,Reacher,0.08,85,65,32.743797302246094,3.7864837646484375,0.8521537780761719,True,False,0,0
3072,Reacher,0.08,86,65,0.36760520935058594,6.37420654296875,1.6288164854049683,False,False,25,25
3072,Reacher,0.08,87,65,0.3540973663330078,9.572555541992188,2.2305917739868164,False,False,0,0
3072,Reacher,0.08,88,65,2.901601552963257,4.9010467529296875,1.4602593183517456,False,False,0,0
3072,Reacher,0.08,89,65,61.49204635620117,3.361785888671875,0.7246523499488831,True,False,0,0
3072,Reacher,0.08,90,65,26.25174331665039,8.144195556640625,1.9535843133926392,True,False,0,0
3072,Reacher,0.08,91,65,4.951346397399902,9.273796081542969,2.635024309158325,False,False,0,0
3072,Reacher,0.08,92,65,49.66048812866211,4.603759765625,0.7575995326042175,True,False,0,0
3072,Reacher,0.08,93,65,30.96717071533203,10.234222412109375,1.6339043378829956,True,False,0,0
3072,Reacher,0.08,94,65,19.56736946105957,4.5070648193359375,0.9883063435554504,True,False,0,0
3072,Reacher,0.08,95,65,3.749307632446289,4.469573974609375,1.2444732189178467,False,False,0,0
3072,Reacher,0.08,96,65,0.34664326906204224,6.410430908203125,1.2535747289657593,False,False,22,22
3072,Reacher,0.08,97,65,24.52008628845215,10.133148193359375,2.052375555038452,True,False,0,0
3072,Reacher,0.08,98,65,5.672825813293457,3.487945556640625,1.123885989189148,False,False,0,0
3072,Reacher,0.08,99,65,12.369239807128906,7.841949462890625,1.7162504196166992,False,False,0,0
3072,Cube,0.0,0,65,301.7770690917969,381.49383544921875,58.55176544189453,False,True,0,60
3072,Cube,0.0,1,65,223.72137451171875,425.7903747558594,86.06076049804688,False,True,0,9
3072,Cube,0.0,2,65,27.553836822509766,164.3905029296875,61.67472839355469,False,True,0,27
3072,Cube,0.0,3,65,119.50257110595703,464.8986511230469,117.46150207519531,False,True,0,16
3072,Cube,0.0,4,65,281.81597900390625,167.9185333251953,44.93865203857422,False,False,0,0
3072,Cube,0.0,5,65,16.774356842041016,202.48150634765625,69.51736450195312,False,True,0,21
3072,Cube,0.0,6,65,24.781726837158203,386.71319580078125,114.97579193115234,False,True,0,49
3072,Cube,0.0,7,65,41.79978942871094,506.9969787597656,145.26693725585938,False,True,0,53
3072,Cube,0.0,8,65,37.78438949584961,372.1393127441406,106.97201538085938,False,True,0,5
3072,Cube,0.0,9,65,142.80860900878906,340.841064453125,76.0771713256836,False,True,0,25
3072,Cube,0.0,10,65,21.780773162841797,347.04132080078125,114.40679931640625,False,True,0,29
3072,Cube,0.0,11,65,26.358455657958984,384.1690673828125,112.37323760986328,False,True,0,3
3072,Cube,0.0,12,65,10.04088306427002,243.42111206054688,108.28433227539062,False,True,0,11
3072,Cube,0.0,13,65,104.79747009277344,397.1563415527344,119.93154907226562,False,True,0,7
3072,Cube,0.0,14,65,318.33917236328125,496.3668212890625,86.87797546386719,False,True,0,62
3072,Cube,0.0,15,65,228.035888671875,418.2832336425781,55.31830596923828,False,True,0,4
3072,Cube,0.0,16,65,80.33655548095703,276.90594482421875,68.0263900756836,False,True,0,45
3072,Cube,0.0,17,65,139.86874389648438,438.2783203125,92.7502212524414,False,True,0,25
3072,Cube,0.0,18,65,110.50804901123047,152.32412719726562,48.4307975769043,False,True,0,18
3072,Cube,0.0,19,65,200.8442840576172,266.82073974609375,64.77167510986328,False,True,0,50
3072,Cube,0.0,20,65,127.52110290527344,308.30755615234375,58.097618103027344,False,True,0,24
3072,Cube,0.0,21,65,165.53121948242188,282.6974792480469,64.4280776977539,False,True,0,39
3072,Cube,0.0,22,65,53.37091827392578,276.8323059082031,97.05036163330078,False,True,0,15
3072,Cube,0.0,23,65,167.59927368164062,416.51263427734375,93.85990142822266,False,True,0,59
3072,Cube,0.0,24,65,61.51310348510742,393.9350891113281,94.59413146972656,False,True,0,10
3072,Cube,0.0,25,65,63.258567810058594,427.77099609375,109.46885681152344,False,True,0,1
3072,Cube,0.0,26,65,41.75886917114258,264.83660888671875,54.30942916870117,False,True,0,50
3072,Cube,0.0,27,65,19.152143478393555,369.6175231933594,123.89968872070312,False,True,0,14
3072,Cube,0.0,28,65,20.271743774414062,276.56365966796875,62.0859260559082,False,True,0,59
3072,Cube,0.0,29,65,187.51451110839844,372.6416015625,121.6067886352539,False,True,0,21
3072,Cube,0.0,30,65,67.1301040649414,402.8349914550781,151.59075927734375,False,True,0,54
3072,Cube,0.0,31,65,47.35942459106445,367.1838684082031,154.79307556152344,False,True,0,30
3072,Cube,0.0,32,65,119.09938049316406,380.511474609375,98.358642578125,False,True,0,29
3072,Cube,0.0,33,65,72.91522979736328,354.92474365234375,94.03797149658203,False,True,0,30
3072,Cube,0.0,34,65,280.6716613769531,557.4366455078125,121.64205169677734,False,True,0,30
3072,Cube,0.0,35,65,94.51390075683594,142.812255859375,19.521116256713867,False,False,0,0
3072,Cube,0.0,36,65,71.79908752441406,513.2837524414062,118.54280090332031,False,True,0,47
3072,Cube,0.0,37,65,37.68121337890625,349.3955383300781,71.20057678222656,False,True,0,60
3072,Cube,0.0,38,65,20.947158813476562,269.7791442871094,83.09088897705078,False,True,0,7
3072,Cube,0.0,39,65,281.4677734375,247.53463745117188,61.08702850341797,False,False,0,0
3072,Cube,0.0,40,65,260.83251953125,378.01263427734375,50.3568115234375,False,True,0,59
3072,Cube,0.0,41,65,203.2705535888672,418.85565185546875,31.017166137695312,False,True,0,22
3072,Cube,0.0,42,65,0.4488868713378906,558.1390991210938,184.96755981445312,False,True,2,24
3072,Cube,0.0,43,65,32.254150390625,330.1535339355469,57.118858337402344,False,True,0,61
3072,Cube,0.0,44,65,3.5861644744873047,414.6335754394531,100.34801483154297,False,True,43,39
3072,Cube,0.0,45,65,37.566986083984375,124.38534545898438,23.74473762512207,False,True,0,46
3072,Cube,0.0,46,65,50.100242614746094,300.257568359375,94.07283020019531,False,True,0,4
3072,Cube,0.0,47,65,21.080028533935547,139.67422485351562,51.39912414550781,False,True,0,25
3072,Cube,0.0,48,65,36.232566833496094,483.90252685546875,241.48394775390625,False,True,0,35
3072,Cube,0.0,49,65,103.42115020751953,389.2855224609375,100.63907623291016,False,True,0,39
3072,Cube,0.0,50,65,58.18223190307617,164.7456512451172,34.91987991333008,False,False,0,0
3072,Cube,0.0,51,65,100.49958038330078,409.8825378417969,123.12896728515625,False,True,0,42
3072,Cube,0.0,52,65,163.13063049316406,365.6698303222656,72.61717224121094,False,True,0,10
3072,Cube,0.0,53,65,95.32244873046875,287.91302490234375,87.13522338867188,False,True,0,45
3072,Cube,0.0,54,65,42.61736297607422,239.10012817382812,40.50495910644531,False,True,0,13
3072,Cube,0.0,55,65,39.615150451660156,417.84222412109375,104.99015808105469,False,True,0,48
3072,Cube,0.0,56,65,133.08218383789062,420.4284973144531,110.22080993652344,False,True,0,39
3072,Cube,0.0,57,65,72.54531860351562,501.4665832519531,131.7063446044922,False,True,0,7
3072,Cube,0.0,58,65,199.0314483642578,290.76263427734375,70.1934585571289,False,True,0,9
3072,Cube,0.0,59,65,42.70882797241211,387.9570617675781,88.140380859375,False,True,0,3
3072,Cube,0.0,60,65,245.38584899902344,145.4840087890625,28.927776336669922,False,False,0,0
3072,Cube,0.0,61,65,81.55730438232422,381.8480224609375,130.73477172851562,False,True,0,37
3072,Cube,0.0,62,65,56.224609375,489.9638977050781,185.7499542236328,False,True,0,32
3072,Cube,0.0,63,65,29.347728729248047,416.6542053222656,94.821533203125,False,True,0,39
3072,Cube,0.0,64,65,1.3588027954101562,552.4948120117188,156.1288299560547,False,True,0,38
3072,Cube,0.0,65,65,116.91717529296875,445.8565673828125,91.79573822021484,False,True,0,21
3072,Cube,0.0,66,65,77.99761199951172,456.2477722167969,109.1877212524414,False,True,0,40
3072,Cube,0.0,67,65,48.100372314453125,391.5821228027344,87.90325927734375,False,True,0,15
3072,Cube,0.0,68,65,19.42286491394043,488.574951171875,192.69363403320312,False,True,0,50
3072,Cube,0.0,69,65,261.3330078125,408.1083984375,62.8507080078125,False,True,0,22
3072,Cube,0.0,70,65,100.04808044433594,442.617919921875,98.20686340332031,False,True,0,24
3072,Cube,0.0,71,65,106.6600570678711,463.1964416503906,82.5914535522461,False,True,0,31
3072,Cube,0.0,72,65,13.839988708496094,448.8662414550781,81.15912628173828,False,True,0,60
3072,Cube,0.0,73,65,84.1655044555664,372.19439697265625,95.57474517822266,False,True,0,16
3072,Cube,0.0,74,65,311.0487060546875,418.9724426269531,49.66926193237305,False,True,0,62
3072,Cube,0.0,75,65,10.471474647521973,468.05877685546875,234.13621520996094,False,True,0,47
3072,Cube,0.0,76,65,198.8243865966797,403.76983642578125,72.7864761352539,False,True,0,54
3072,Cube,0.0,77,65,36.73507308959961,319.6062316894531,90.6469497680664,False,True,0,30
3072,Cube,0.0,78,65,220.43275451660156,395.740966796875,69.27108001708984,False,True,0,15
3072,Cube,0.0,79,65,293.4841613769531,123.82897186279297,36.31547927856445,True,False,0,0
3072,Cube,0.0,80,65,221.77438354492188,337.30316162109375,81.52525329589844,False,True,0,1
3072,Cube,0.0,81,65,27.808612823486328,365.9659729003906,145.88455200195312,False,True,0,20
3072,Cube,0.0,82,65,261.13671875,243.85824584960938,42.75962829589844,False,False,0,0
3072,Cube,0.0,83,65,152.40415954589844,287.0962219238281,67.33708190917969,False,True,0,62
3072,Cube,0.0,84,65,58.66729736328125,383.63690185546875,101.74142456054688,False,True,0,22
3072,Cube,0.0,85,65,123.34091186523438,152.9049072265625,45.07455825805664,False,False,0,0
3072,Cube,0.0,86,65,21.697654724121094,328.750732421875,102.8232421875,False,True,0,4
3072,Cube,0.0,87,65,174.7949981689453,376.05731201171875,103.87288665771484,False,False,0,0
3072,Cube,0.0,88,65,25.413957595825195,292.5877380371094,81.76917266845703,False,True,0,10
3072,Cube,0.0,89,65,9.410926818847656,221.30670166015625,60.27961730957031,False,True,0,63
3072,Cube,0.0,90,65,277.3692626953125,348.3179931640625,47.64668655395508,False,True,0,60
3072,Cube,0.0,91,65,9.60844612121582,484.35137939453125,164.72454833984375,False,True,0,44
3072,Cube,0.0,92,65,8.185993194580078,318.613525390625,120.15264129638672,False,True,40,15
3072,Cube,0.0,93,65,182.6536102294922,230.96771240234375,45.01365280151367,False,False,0,0
3072,Cube,0.0,94,65,132.31260681152344,524.2158203125,145.71066284179688,False,True,0,12
3072,Cube,0.0,95,65,93.44867706298828,436.2830810546875,89.11994171142578,False,True,0,14
3072,Cube,0.0,96,65,1.8529481887817383,317.58782958984375,113.48792266845703,False,True,0,4
3072,Cube,0.0,97,65,118.0439224243164,373.35601806640625,108.46759033203125,False,True,0,33
3072,Cube,0.0,98,65,27.57328987121582,603.1984252929688,212.19566345214844,False,True,0,9
3072,Cube,0.0,99,65,67.26069641113281,465.5317077636719,169.3428955078125,False,True,0,37
3072,Cube,0.08,0,65,325.3594970703125,6.61602783203125,1.6588153839111328,True,False,0,0
3072,Cube,0.08,1,65,171.73277282714844,13.089935302734375,2.0602312088012695,True,False,0,0
3072,Cube,0.08,2,65,56.04267883300781,6.219207763671875,2.0128276348114014,True,False,0,0
3072,Cube,0.08,3,65,78.42510986328125,1.62921142578125,0.39218199253082275,True,False,0,0
3072,Cube,0.08,4,65,225.45657348632812,6.88360595703125,1.509743571281433,True,False,0,0
3072,Cube,0.08,5,65,16.49608612060547,8.70025634765625,1.6887105703353882,False,False,0,0
3072,Cube,0.08,6,65,24.438657760620117,14.75885009765625,3.6292667388916016,False,False,0,0
3072,Cube,0.08,7,65,57.74091339111328,12.374164581298828,3.418532609939575,True,False,0,0
3072,Cube,0.08,8,65,26.360414505004883,6.9060211181640625,1.7423782348632812,True,False,0,0
3072,Cube,0.08,9,65,125.76040649414062,3.9892425537109375,1.087774634361267,True,False,0,0
3072,Cube,0.08,10,65,33.880714416503906,13.51031494140625,2.45564341545105,True,False,0,0
3072,Cube,0.08,11,65,28.938264846801758,7.46820068359375,1.4080758094787598,True,False,0,0
3072,Cube,0.08,12,65,11.614503860473633,13.479713439941406,2.405237913131714,False,False,0,0
3072,Cube,0.08,13,65,29.868494033813477,4.0348663330078125,1.0741289854049683,True,False,0,0
3072,Cube,0.08,14,65,316.355712890625,3.5416259765625,1.158732295036316,True,False,0,0
3072,Cube,0.08,15,65,266.0779724121094,3.4830322265625,0.9360455274581909,True,False,0,0
3072,Cube,0.08,16,65,6.459124565124512,12.15289306640625,2.215752601623535,False,False,0,0
3072,Cube,0.08,17,65,143.34356689453125,5.17864990234375,1.3164607286453247,True,False,0,0
3072,Cube,0.08,18,65,115.37989807128906,3.720184326171875,1.1411432027816772,True,False,0,0
3072,Cube,0.08,19,65,117.26295471191406,7.44818115234375,1.5017163753509521,True,False,0,0
3072,Cube,0.08,20,65,131.60569763183594,7.2393035888671875,1.249338984489441,True,False,0,0
3072,Cube,0.08,21,65,151.46890258789062,8.516876220703125,1.4617973566055298,True,False,0,0
3072,Cube,0.08,22,65,47.02348709106445,19.968368530273438,4.938183784484863,True,False,0,0
3072,Cube,0.08,23,65,60.2514533996582,13.986442565917969,2.880847930908203,True,False,0,0
3072,Cube,0.08,24,65,90.89347839355469,5.712310791015625,0.7721849083900452,True,False,0,0
3072,Cube,0.08,25,65,64.68128204345703,26.667999267578125,4.589840412139893,True,False,0,0
3072,Cube,0.08,26,65,53.009273529052734,3.6726531982421875,0.8004356622695923,True,False,0,0
3072,Cube,0.08,27,65,18.27475357055664,19.04388427734375,5.158571243286133,False,False,0,0
3072,Cube,0.08,28,65,33.35847473144531,11.1563720703125,2.476712942123413,True,False,0,0
3072,Cube,0.08,29,65,86.04582214355469,9.2489013671875,1.8383007049560547,True,False,0,0
3072,Cube,0.08,30,65,40.63410949707031,14.158500671386719,4.046797752380371,True,False,0,0
3072,Cube,0.08,31,65,44.990966796875,2.3410186767578125,0.5030899047851562,True,False,0,0
3072,Cube,0.08,32,65,87.97991943359375,9.321701049804688,1.5436649322509766,True,False,0,0
3072,Cube,0.08,33,65,91.56336975097656,14.602859497070312,3.1158254146575928,True,False,0,0
3072,Cube,0.08,34,65,244.80722045898438,6.081573486328125,1.3251725435256958,True,False,0,0
3072,Cube,0.08,35,65,68.07147979736328,18.59490966796875,2.6796045303344727,True,False,0,0
3072,Cube,0.08,36,65,51.549095153808594,11.5064697265625,3.109562397003174,True,False,0,0
3072,Cube,0.08,37,65,28.38895034790039,5.159515380859375,1.6289429664611816,True,False,0,0
3072,Cube,0.08,38,65,17.827211380004883,9.819091796875,2.6565744876861572,False,False,0,0
3072,Cube,0.08,39,65,217.9683380126953,4.384246826171875,0.8074932098388672,True,False,0,0
3072,Cube,0.08,40,65,291.3936462402344,8.025970458984375,1.4666117429733276,True,False,0,0
3072,Cube,0.08,41,65,281.107177734375,3.97003173828125,0.8205222487449646,True,False,0,0
3072,Cube,0.08,42,65,5.871368408203125,11.319290161132812,2.6082537174224854,False,False,0,0
3072,Cube,0.08,43,65,35.17145538330078,9.03216552734375,1.8983711004257202,True,False,0,0
3072,Cube,0.08,44,65,41.14623260498047,2.557403564453125,0.4734460413455963,True,False,0,0
3072,Cube,0.08,45,65,36.29602813720703,14.420013427734375,2.282566785812378,True,False,0,0
3072,Cube,0.08,46,65,38.70153045654297,10.474655151367188,3.04190993309021,True,False,0,0
3072,Cube,0.08,47,65,44.62459945678711,11.559906005859375,2.1290814876556396,True,False,0,0
3072,Cube,0.08,48,65,31.353862762451172,10.73553466796875,2.290377616882324,True,False,0,0
3072,Cube,0.08,49,65,70.35538482666016,24.85589599609375,5.00266170501709,True,False,0,0
3072,Cube,0.08,50,65,31.800048828125,9.401763916015625,1.826590895652771,True,False,0,0
3072,Cube,0.08,51,65,50.432228088378906,4.08880615234375,0.691143810749054,True,False,0,0
3072,Cube,0.08,52,65,87.6244125366211,6.1400146484375,1.1438159942626953,True,False,0,0
3072,Cube,0.08,53,65,50.57012939453125,6.30096435546875,1.8463689088821411,True,False,0,0
3072,Cube,0.08,54,65,44.06455993652344,6.8934326171875,1.5828830003738403,True,False,0,0
3072,Cube,0.08,55,65,26.425777435302734,15.521629333496094,3.0583648681640625,False,False,0,0
3072,Cube,0.08,56,65,117.31867980957031,6.494781494140625,1.5100648403167725,True,False,0,0
3072,Cube,0.08,57,65,84.10563659667969,8.72918701171875,1.3002873659133911,True,False,0,0
3072,Cube,0.08,58,65,117.42898559570312,1.69866943359375,0.2668714225292206,True,False,0,0
3072,Cube,0.08,59,65,29.0779972076416,5.1739349365234375,1.1168811321258545,True,False,0,0
3072,Cube,0.08,60,65,293.7430114746094,2.01568603515625,0.49746304750442505,True,False,0,0
3072,Cube,0.08,61,65,50.23992156982422,1.7464447021484375,0.4205988645553589,True,False,0,0
3072,Cube,0.08,62,65,40.51323318481445,8.88104248046875,2.1078720092773438,True,False,0,0
3072,Cube,0.08,63,65,34.72920227050781,8.64801025390625,2.16131329536438,True,False,0,0
3072,Cube,0.08,64,65,39.13946533203125,10.606964111328125,2.173968553543091,True,False,0,0
3072,Cube,0.08,65,65,98.79984283447266,14.396926879882812,3.0327224731445312,True,False,0,0
3072,Cube,0.08,66,65,77.77092742919922,18.45721435546875,2.951403856277466,True,False,0,0
3072,Cube,0.08,67,65,71.76619720458984,10.035377502441406,2.5730345249176025,True,False,0,0
3072,Cube,0.08,68,65,17.449934005737305,7.23773193359375,2.305184841156006,True,False,0,0
3072,Cube,0.08,69,65,306.5234680175781,2.72564697265625,0.668362557888031,True,False,0,0
3072,Cube,0.08,70,65,85.05508422851562,6.2826995849609375,1.3613334894180298,True,False,0,0
3072,Cube,0.08,71,65,45.96685791015625,11.976978302001953,1.2762962579727173,True,False,0,0
3072,Cube,0.08,72,65,38.94593811035156,11.158782958984375,1.8639153242111206,True,False,0,0
3072,Cube,0.08,73,65,23.796480178833008,3.7259521484375,0.8790788054466248,True,False,0,0
3072,Cube,0.08,74,65,290.4529724121094,5.167547225952148,0.9778988361358643,True,False,0,0
3072,Cube,0.08,75,65,4.621276378631592,11.913749694824219,2.983654499053955,False,False,42,42
3072,Cube,0.08,76,65,103.29701232910156,8.66485595703125,1.653544306755066,True,False,0,0
3072,Cube,0.08,77,65,16.272350311279297,12.023651123046875,3.413452386856079,False,False,0,0
3072,Cube,0.08,78,65,254.94320678710938,10.868133544921875,2.3253228664398193,True,False,0,0
3072,Cube,0.08,79,65,276.1029968261719,7.9188232421875,1.0814533233642578,True,False,0,0
3072,Cube,0.08,80,65,297.9586181640625,3.031158447265625,0.8556084036827087,True,False,0,0
3072,Cube,0.08,81,65,12.523443222045898,4.082633972167969,1.1059210300445557,True,False,0,0
3072,Cube,0.08,82,65,264.140625,3.483917236328125,0.7925113439559937,True,False,0,0
3072,Cube,0.08,83,65,120.2646255493164,17.155319213867188,2.2091219425201416,True,False,0,0
3072,Cube,0.08,84,65,80.94188690185547,4.6368408203125,1.3046954870224,True,False,0,0
3072,Cube,0.08,85,65,96.09062957763672,8.91583251953125,2.227114677429199,True,False,0,0
3072,Cube,0.08,86,65,2.6519200801849365,7.225341796875,1.9754455089569092,False,False,0,0
3072,Cube,0.08,87,65,109.70457458496094,7.1732940673828125,1.8711278438568115,True,False,0,0
3072,Cube,0.08,88,65,24.210037231445312,8.30810546875,2.311525344848633,True,False,0,0
3072,Cube,0.08,89,65,7.828106880187988,20.289169311523438,4.447238445281982,False,False,0,0
3072,Cube,0.08,90,65,280.9357604980469,7.741973876953125,1.4259648323059082,True,False,0,0
3072,Cube,0.08,91,65,23.135456085205078,6.644378662109375,1.8033616542816162,True,False,0,0
3072,Cube,0.08,92,65,13.046377182006836,17.74652099609375,2.3068788051605225,False,False,0,0
3072,Cube,0.08,93,65,228.1500701904297,4.206207275390625,1.4351695775985718,True,False,0,0
3072,Cube,0.08,94,65,122.2525405883789,6.63409423828125,1.2819368839263916,True,False,0,0
3072,Cube,0.08,95,65,35.42677688598633,10.254135131835938,2.2587196826934814,True,False,0,0
3072,Cube,0.08,96,65,1.3599367141723633,4.605133056640625,1.1657992601394653,False,False,0,0
3072,Cube,0.08,97,65,145.9226837158203,10.233642578125,2.0450472831726074,True,False,0,0
3072,Cube,0.08,98,65,18.02922821044922,19.89429473876953,6.206324577331543,False,False,0,0
3072,Cube,0.08,99,65,65.00939178466797,9.533233642578125,2.128396987915039,True,False,0,0
3073,TwoRoom,0.0,0,65,362.13287353515625,612.170654296875,156.31240844726562,False,True,0,58
3073,TwoRoom,0.0,1,65,192.7527618408203,370.3890380859375,21.137920379638672,False,True,0,64
3073,TwoRoom,0.0,2,65,332.5408935546875,642.3709716796875,118.5275650024414,False,True,0,56
3073,TwoRoom,0.0,3,65,234.1307373046875,446.6382141113281,91.82718658447266,False,True,0,5
3073,TwoRoom,0.0,4,65,26.817054748535156,389.50390625,161.75845336914062,False,True,0,19
3073,TwoRoom,0.0,5,65,50.625457763671875,339.2594909667969,79.48823547363281,False,True,0,54
3073,TwoRoom,0.0,6,65,276.5840148925781,112.9884033203125,20.354202270507812,True,False,0,0
3073,TwoRoom,0.0,7,65,8.149578094482422,335.20892333984375,68.86164093017578,False,True,49,27
3073,TwoRoom,0.0,8,65,22.935033798217773,116.9632568359375,12.702808380126953,False,False,31,31
3073,TwoRoom,0.0,9,65,75.72512817382812,415.3054504394531,88.86202239990234,False,True,0,31
3073,TwoRoom,0.0,10,65,192.0094451904297,456.6106262207031,94.25687408447266,False,True,0,26
3073,TwoRoom,0.0,11,65,124.02184295654297,218.54742431640625,63.83952713012695,False,True,0,64
3073,TwoRoom,0.0,12,65,316.4754943847656,463.6825866699219,163.93438720703125,False,True,0,49
3073,TwoRoom,0.0,13,65,92.90840148925781,295.00701904296875,54.504764556884766,False,True,0,57
3073,TwoRoom,0.0,14,65,118.6375503540039,208.197265625,56.006473541259766,False,False,0,0
3073,TwoRoom,0.0,15,65,7.299665927886963,403.4436340332031,92.42259979248047,False,True,17,56
3073,TwoRoom,0.0,16,65,79.89595031738281,433.26336669921875,169.6250762939453,False,True,0,47
3073,TwoRoom,0.0,17,65,243.13592529296875,268.8757629394531,69.75408935546875,False,True,0,54
3073,TwoRoom,0.0,18,65,197.14666748046875,374.23583984375,129.49339294433594,False,True,0,57
3073,TwoRoom,0.0,19,65,38.53507995605469,330.7115478515625,102.36955261230469,False,True,0,38
3073,TwoRoom,0.0,20,65,119.68081665039062,77.48655700683594,14.225687026977539,False,False,0,0
3073,TwoRoom,0.0,21,65,147.57479858398438,290.484619140625,124.29264068603516,False,True,0,49
3073,TwoRoom,0.0,22,65,53.78346252441406,122.42174530029297,27.065956115722656,False,False,0,0
3073,TwoRoom,0.0,23,65,149.45941162109375,489.0957336425781,125.52996063232422,False,True,0,23
3073,TwoRoom,0.0,24,65,93.55133056640625,361.73992919921875,45.67988204956055,False,True,0,41
3073,TwoRoom,0.0,25,65,43.03266525268555,516.7138671875,193.7759246826172,False,True,0,5
3073,TwoRoom,0.0,26,65,209.1649932861328,305.2099304199219,66.33897399902344,False,False,0,0
3073,TwoRoom,0.0,27,65,20.744976043701172,192.8667449951172,46.44058609008789,False,True,0,49
3073,TwoRoom,0.0,28,65,60.770172119140625,281.94000244140625,47.89768600463867,False,True,0,21
3073,TwoRoom,0.0,29,65,55.99132537841797,546.3594360351562,142.15017700195312,False,True,0,48
3073,TwoRoom,0.0,30,65,206.87591552734375,274.73248291015625,45.39491653442383,False,True,0,55
3073,TwoRoom,0.0,31,65,277.4801025390625,206.65625,54.755104064941406,False,False,0,0
3073,TwoRoom,0.0,32,65,1.1005172729492188,294.29620361328125,113.54244232177734,False,True,0,34
3073,TwoRoom,0.0,33,65,281.0679016113281,392.9405517578125,84.48049926757812,False,True,0,43
3073,TwoRoom,0.0,34,65,80.71177673339844,217.1746826171875,44.909751892089844,False,True,0,50
3073,TwoRoom,0.0,35,65,59.33636474609375,160.9261016845703,22.391481399536133,False,False,0,0
3073,TwoRoom,0.0,36,65,167.89895629882812,453.5455322265625,119.54751586914062,False,True,0,41
3073,TwoRoom,0.0,37,65,41.14690399169922,317.62432861328125,77.31863403320312,False,True,0,12
3073,TwoRoom,0.0,38,65,46.36460494995117,343.46148681640625,67.92676544189453,False,True,0,14
3073,TwoRoom,0.0,39,65,297.4792175292969,507.64239501953125,85.24275970458984,False,True,0,31
3073,TwoRoom,0.0,40,65,316.38641357421875,140.64239501953125,26.541553497314453,True,False,0,0
3073,TwoRoom,0.0,41,65,289.6375427246094,512.7381591796875,76.28233337402344,False,False,0,0
3073,TwoRoom,0.0,42,65,70.86436462402344,217.37322998046875,32.5601921081543,False,True,0,61
3073,TwoRoom,0.0,43,65,246.981689453125,397.1434631347656,76.79509735107422,False,True,0,10
3073,TwoRoom,0.0,44,65,203.4012908935547,406.35247802734375,30.008899688720703,False,True,0,3
3073,TwoRoom,0.0,45,65,352.8509521484375,210.39910888671875,65.3008804321289,False,False,0,0
3073,TwoRoom,0.0,46,65,131.85183715820312,431.41802978515625,60.3054084777832,False,True,0,10
3073,TwoRoom,0.0,47,65,135.29641723632812,402.49383544921875,65.70117950439453,False,True,0,21
3073,TwoRoom,0.0,48,65,291.3719787597656,431.2880554199219,91.3485336303711,False,True,0,1
3073,TwoRoom,0.0,49,65,5.373101234436035,431.900146484375,121.09010314941406,False,True,0,3
3073,TwoRoom,0.0,50,65,226.0946044921875,86.92401123046875,20.59098243713379,True,False,0,0
3073,TwoRoom,0.0,51,65,226.12939453125,385.3489990234375,73.74758911132812,False,True,0,39
3073,TwoRoom,0.0,52,65,173.18572998046875,527.94970703125,95.7412109375,False,True,0,43
3073,TwoRoom,0.0,53,65,79.94163513183594,497.4963073730469,106.82659149169922,False,True,0,17
3073,TwoRoom,0.0,54,65,176.00991821289062,340.225341796875,78.27010345458984,False,True,0,2
3073,TwoRoom,0.0,55,65,313.1383361816406,419.1391906738281,92.90440368652344,False,True,0,31
3073,TwoRoom,0.0,56,65,9.157230377197266,61.32695007324219,4.46088981628418,False,True,0,45
3073,TwoRoom,0.0,57,65,13.995976448059082,581.36328125,153.94581604003906,False,True,0,43
3073,TwoRoom,0.0,58,65,186.21803283691406,539.1815795898438,123.77111053466797,False,True,0,53
3073,TwoRoom,0.0,59,65,96.53160095214844,367.9659423828125,64.66686248779297,False,True,0,15
3073,TwoRoom,0.0,60,65,269.84442138671875,436.865478515625,83.19046020507812,False,True,0,48
3073,TwoRoom,0.0,61,65,108.17066192626953,59.0828857421875,8.477747917175293,False,False,0,0
3073,TwoRoom,0.0,62,65,48.87091827392578,248.7408905029297,52.10258865356445,False,True,0,60
3073,TwoRoom,0.0,63,65,366.1711120605469,354.2193298339844,89.18172454833984,False,True,0,24
3073,TwoRoom,0.0,64,65,76.3127670288086,446.109619140625,118.87556457519531,False,True,0,33
3073,TwoRoom,0.0,65,65,98.91725158691406,317.17431640625,72.71639251708984,False,True,0,6
3073,TwoRoom,0.0,66,65,228.8491973876953,358.5198059082031,54.58458709716797,False,True,0,40
3073,TwoRoom,0.0,67,65,23.646774291992188,428.7144470214844,83.2894287109375,False,True,0,46
3073,TwoRoom,0.0,68,65,276.1861877441406,282.8955993652344,42.935935974121094,False,False,0,0
3073,TwoRoom,0.0,69,65,275.5845031738281,437.83416748046875,41.562252044677734,False,True,0,53
3073,TwoRoom,0.0,70,65,319.9716796875,495.95513916015625,132.1359100341797,False,True,0,52
3073,TwoRoom,0.0,71,65,47.9598274230957,453.7997741699219,33.87127685546875,False,True,0,21
3073,TwoRoom,0.0,72,65,2.8703341484069824,229.08168029785156,64.91899108886719,False,True,28,11
3073,TwoRoom,0.0,73,65,38.871002197265625,429.905029296875,64.10142517089844,False,True,25,0
3073,TwoRoom,0.0,74,65,174.54225158691406,257.9448547363281,30.35984230041504,False,True,3,37
3073,TwoRoom,0.0,75,65,112.68197631835938,65.89152526855469,15.53591537475586,False,False,0,0
3073,TwoRoom,0.0,76,65,86.78643035888672,280.1429443359375,65.04142761230469,False,False,0,0
3073,TwoRoom,0.0,77,65,19.1254825592041,361.26934814453125,81.69435119628906,False,True,0,27
3073,TwoRoom,0.0,78,65,47.578819274902344,289.3505859375,23.938302993774414,False,True,0,4
3073,TwoRoom,0.0,79,65,185.03662109375,79.00863647460938,20.145782470703125,True,False,0,0
3073,TwoRoom,0.0,80,65,144.04063415527344,205.88705444335938,15.325422286987305,False,False,0,0
3073,TwoRoom,0.0,81,65,73.34093475341797,533.4988403320312,150.73390197753906,False,True,0,12
3073,TwoRoom,0.0,82,65,267.8844909667969,468.4617004394531,103.03824615478516,False,True,0,57
3073,TwoRoom,0.0,83,65,240.21099853515625,466.1798095703125,76.3694839477539,False,True,0,17
3073,TwoRoom,0.0,84,65,2.842161178588867,375.7411193847656,67.23069763183594,False,True,0,45
3073,TwoRoom,0.0,85,65,283.97357177734375,333.4413757324219,81.92573547363281,False,False,0,0
3073,TwoRoom,0.0,86,65,66.80542755126953,263.5482482910156,42.613555908203125,False,False,0,0
3073,TwoRoom,0.0,87,65,71.52326965332031,352.3526611328125,55.725337982177734,False,True,0,1
3073,TwoRoom,0.0,88,65,129.54930114746094,394.5716247558594,108.877685546875,False,True,5,38
3073,TwoRoom,0.0,89,65,40.37152099609375,403.0683898925781,64.68708038330078,False,True,37,24
3073,TwoRoom,0.0,90,65,126.57984161376953,484.0491027832031,147.07638549804688,False,True,0,29
3073,TwoRoom,0.0,91,65,165.34613037109375,589.9276123046875,114.50752258300781,False,True,0,57
3073,TwoRoom,0.0,92,65,280.32183837890625,123.63018798828125,40.12580108642578,True,False,0,0
3073,TwoRoom,0.0,93,65,324.53863525390625,426.7444763183594,55.942771911621094,False,True,0,58
3073,TwoRoom,0.0,94,65,135.8739471435547,368.30462646484375,64.90525817871094,False,True,0,54
3073,TwoRoom,0.0,95,65,270.3099365234375,240.81741333007812,66.98843383789062,False,False,0,0
3073,TwoRoom,0.0,96,65,292.493896484375,467.6770324707031,141.29196166992188,False,True,0,55
3073,TwoRoom,0.0,97,65,311.9775695800781,464.1408996582031,153.94337463378906,False,True,0,35
3073,TwoRoom,0.0,98,65,315.6973876953125,473.1979675292969,115.38282775878906,False,True,0,18
3073,TwoRoom,0.0,99,65,7.422820091247559,137.48403930664062,44.54441833496094,False,False,0,0
3073,TwoRoom,0.08,0,65,242.24285888671875,8.838760375976562,0.839301586151123,True,False,0,0
3073,TwoRoom,0.08,1,65,205.95016479492188,4.4044647216796875,0.9074320793151855,True,False,0,0
3073,TwoRoom,0.08,2,65,129.9510040283203,11.013504028320312,2.8258297443389893,True,False,0,0
3073,TwoRoom,0.08,3,65,226.00733947753906,7.453155517578125,1.0040661096572876,True,False,0,0
3073,TwoRoom,0.08,4,65,11.22719955444336,29.243148803710938,5.742537975311279,False,False,58,58
3073,TwoRoom,0.08,5,65,39.43514633178711,9.016326904296875,2.1025352478027344,True,False,0,0
3073,TwoRoom,0.08,6,65,248.77719116210938,24.12249755859375,4.200951099395752,True,False,0,0
3073,TwoRoom,0.08,7,65,10.967273712158203,15.410247802734375,2.335808753967285,False,False,64,64
3073,TwoRoom,0.08,8,65,14.929668426513672,6.0739593505859375,1.0055001974105835,True,False,31,31
3073,TwoRoom,0.08,9,65,70.64604187011719,33.72882080078125,2.419917583465576,True,False,0,0
3073,TwoRoom,0.08,10,65,90.33833312988281,33.21635437011719,2.910959482192993,True,False,0,0
3073,TwoRoom,0.08,11,65,142.42124938964844,8.39874267578125,1.62199866771698,True,False,0,0
3073,TwoRoom,0.08,12,65,276.9502868652344,6.467315673828125,0.9151745438575745,True,False,0,0
3073,TwoRoom,0.08,13,65,49.14423370361328,11.109466552734375,3.922304630279541,True,False,0,0
3073,TwoRoom,0.08,14,65,112.38735961914062,29.2352294921875,3.3107926845550537,True,False,0,0
3073,TwoRoom,0.08,15,65,3.581862449645996,9.443359375,2.2807836532592773,False,False,0,0
3073,TwoRoom,0.08,16,65,131.6251983642578,20.614013671875,6.8262152671813965,True,False,0,0
3073,TwoRoom,0.08,17,65,210.82412719726562,31.31207275390625,3.6424763202667236,True,False,0,0
3073,TwoRoom,0.08,18,65,154.2635040283203,21.399078369140625,1.7270272970199585,True,False,0,0
3073,TwoRoom,0.08,19,65,90.062255859375,3.111968994140625,1.2074925899505615,True,False,0,0
3073,TwoRoom,0.08,20,65,143.31277465820312,12.63861083984375,2.4631571769714355,True,False,0,0
3073,TwoRoom,0.08,21,65,168.32386779785156,48.4364013671875,1.402898907661438,True,False,0,0
3073,TwoRoom,0.08,22,65,30.56038475036621,12.73370361328125,1.542844295501709,True,False,0,0
3073,TwoRoom,0.08,23,65,40.36794662475586,8.46697998046875,1.4350414276123047,True,False,0,0
3073,TwoRoom,0.08,24,65,13.971508026123047,10.77203369140625,1.5275479555130005,False,False,0,0
3073,TwoRoom,0.08,25,65,4.185914039611816,22.1759033203125,3.2791857719421387,False,False,0,0
3073,TwoRoom,0.08,26,65,109.98709869384766,9.210777282714844,1.6735141277313232,True,False,0,0
3073,TwoRoom,0.08,27,65,1.0955743789672852,30.07080078125,5.199376106262207,False,False,23,23
3073,TwoRoom,0.08,28,65,29.706592559814453,8.662666320800781,1.6931920051574707,True,False,0,0
3073,TwoRoom,0.08,29,65,54.39888000488281,9.617431640625,1.808652400970459,True,False,0,0
3073,TwoRoom,0.08,30,65,246.5302734375,2.264404296875,0.4519633948802948,True,False,0,0
3073,TwoRoom,0.08,31,65,227.82940673828125,11.01885986328125,1.7348034381866455,True,False,0,0
3073,TwoRoom,0.08,32,65,22.993391036987305,8.80072021484375,3.993704080581665,True,False,0,0
3073,TwoRoom,0.08,33,65,391.635498046875,9.69769287109375,2.9317846298217773,True,False,0,0
3073,TwoRoom,0.08,34,65,103.97393035888672,60.0196533203125,6.69200325012207,False,False,0,0
3073,TwoRoom,0.08,35,65,53.27145767211914,13.386238098144531,1.214829683303833,True,False,0,0
3073,TwoRoom,0.08,36,65,145.62789916992188,67.28567504882812,5.478650093078613,True,False,0,0
3073,TwoRoom,0.08,37,65,33.73120880126953,5.697357177734375,1.589479684829712,True,False,0,0
3073,TwoRoom,0.08,38,65,31.580787658691406,9.305877685546875,3.1127429008483887,True,False,0,0
3073,TwoRoom,0.08,39,65,286.84991455078125,144.712646484375,3.5312674045562744,False,False,0,0
3073,TwoRoom,0.08,40,65,175.49111938476562,16.339019775390625,4.110260486602783,True,False,0,0
3073,TwoRoom,0.08,41,65,249.88958740234375,41.00714111328125,4.1058502197265625,True,False,0,0
3073,TwoRoom,0.08,42,65,71.80448150634766,65.88571166992188,8.86380672454834,False,True,0,35
3073,TwoRoom,0.08,43,65,216.34542846679688,26.901596069335938,4.099320411682129,True,False,0,0
3073,TwoRoom,0.08,44,65,96.10218811035156,14.0277099609375,1.522963047027588,True,False,0,0
3073,TwoRoom,0.08,45,65,315.4020080566406,4.586395263671875,0.9180806279182434,True,False,0,0
3073,TwoRoom,0.08,46,65,59.447486877441406,53.907073974609375,11.873199462890625,False,False,0,0
3073,TwoRoom,0.08,47,65,73.84013366699219,7.9413604736328125,2.5258536338806152,True,False,0,0
3073,TwoRoom,0.08,48,65,254.08596801757812,5.00103759765625,1.2448441982269287,True,False,0,0
3073,TwoRoom,0.08,49,65,2.5288820266723633,4.59661865234375,0.6873568296432495,False,False,12,12
3073,TwoRoom,0.08,50,65,168.51492309570312,8.640731811523438,1.5818849802017212,True,False,0,0
3073,TwoRoom,0.08,51,65,147.6234588623047,19.6702880859375,2.0400607585906982,True,False,0,0
3073,TwoRoom,0.08,52,65,126.84903717041016,2.140533447265625,0.4173339009284973,True,False,0,0
3073,TwoRoom,0.08,53,65,34.439697265625,12.950714111328125,5.100067138671875,True,False,0,0
3073,TwoRoom,0.08,54,65,174.96807861328125,36.984771728515625,3.6190483570098877,True,False,0,0
3073,TwoRoom,0.08,55,65,256.7323303222656,5.50006103515625,1.1512491703033447,True,False,0,0
3073,TwoRoom,0.08,56,65,11.716943740844727,2.364044189453125,0.18432843685150146,True,False,0,0
3073,TwoRoom,0.08,57,65,7.142952919006348,45.1455078125,10.823014259338379,False,False,0,0
3073,TwoRoom,0.08,58,65,64.67498779296875,21.149078369140625,1.6357022523880005,True,False,0,0
3073,TwoRoom,0.08,59,65,79.60476684570312,15.068634033203125,3.1755857467651367,True,False,0,0
3073,TwoRoom,0.08,60,65,229.6986083984375,5.768646240234375,0.8583860993385315,True,False,0,0
3073,TwoRoom,0.08,61,65,117.4939193725586,4.20330810546875,0.7214275598526001,True,False,0,0
3073,TwoRoom,0.08,62,65,60.09946823120117,23.708770751953125,4.243180751800537,True,False,0,0
3073,TwoRoom,0.08,63,65,418.6297912597656,27.3121337890625,6.366748332977295,True,False,0,0
3073,TwoRoom,0.08,64,65,33.235897064208984,10.76446533203125,1.606499195098877,True,False,0,0
3073,TwoRoom,0.08,65,65,145.4893035888672,23.05141830444336,2.33626651763916,True,False,0,0
3073,TwoRoom,0.08,66,65,213.75033569335938,7.20751953125,1.975823998451233,True,False,0,0
3073,TwoRoom,0.08,67,65,21.46351432800293,22.726043701171875,6.807492256164551,False,False,0,0
3073,TwoRoom,0.08,68,65,257.1131591796875,8.394378662109375,3.109213352203369,True,False,0,0
3073,TwoRoom,0.08,69,65,270.1998291015625,5.099395751953125,0.9363303780555725,True,False,0,0
3073,TwoRoom,0.08,70,65,83.96421813964844,37.2001953125,9.596264839172363,True,False,0,0
3073,TwoRoom,0.08,71,65,64.30754852294922,9.03680419921875,0.8969869613647461,True,False,0,0
3073,TwoRoom,0.08,72,65,4.783010482788086,11.018096923828125,3.5660712718963623,False,False,0,0
3073,TwoRoom,0.08,73,65,32.83387756347656,4.348480224609375,0.6292328834533691,True,False,25,25
3073,TwoRoom,0.08,74,65,99.42886352539062,9.39471435546875,0.4577522873878479,True,False,3,3
3073,TwoRoom,0.08,75,65,55.25055694580078,12.049667358398438,2.3009345531463623,True,False,0,0
3073,TwoRoom,0.08,76,65,3.5464210510253906,8.373077392578125,2.219068765640259,False,False,0,0
3073,TwoRoom,0.08,77,65,16.419780731201172,62.28460693359375,6.607701301574707,False,False,0,0
3073,TwoRoom,0.08,78,65,27.461017608642578,17.11404037475586,1.4995194673538208,False,False,0,0
3073,TwoRoom,0.08,79,65,182.71923828125,3.935821533203125,1.4103153944015503,True,False,0,0
3073,TwoRoom,0.08,80,65,71.9179916381836,397.2783508300781,12.942055702209473,False,True,0,30
3073,TwoRoom,0.08,81,65,66.28440856933594,12.260101318359375,2.516608715057373,True,False,0,0
3073,TwoRoom,0.08,82,65,216.3197479248047,46.35675048828125,2.7109014987945557,True,False,0,0
3073,TwoRoom,0.08,83,65,260.2510681152344,16.442291259765625,1.9018700122833252,True,False,0,0
3073,TwoRoom,0.08,84,65,20.217599868774414,48.716796875,7.5135416984558105,False,True,0,14
3073,TwoRoom,0.08,85,65,261.7579345703125,15.036834716796875,3.898684024810791,True,False,0,0
3073,TwoRoom,0.08,86,65,56.441688537597656,236.216796875,7.579013824462891,False,False,0,0
3073,TwoRoom,0.08,87,65,33.658382415771484,24.675621032714844,1.4936633110046387,False,False,0,0
3073,TwoRoom,0.08,88,65,11.235488891601562,70.63937377929688,2.146162509918213,False,False,5,5
3073,TwoRoom,0.08,89,65,141.89373779296875,26.79522705078125,3.1866543292999268,True,False,0,0
3073,TwoRoom,0.08,90,65,66.38505554199219,13.8924560546875,2.3402812480926514,True,False,0,0
3073,TwoRoom,0.08,91,65,116.62212371826172,10.51287841796875,2.6788947582244873,True,False,0,0
3073,TwoRoom,0.08,92,65,249.26480102539062,8.7071533203125,2.3728229999542236,True,False,0,0
3073,TwoRoom,0.08,93,65,234.7284393310547,3.143096923828125,0.9311249852180481,True,False,0,0
3073,TwoRoom,0.08,94,65,129.31529235839844,26.832595825195312,4.124904155731201,True,False,0,0
3073,TwoRoom,0.08,95,65,93.59597778320312,19.43560028076172,6.947131633758545,True,False,0,0
3073,TwoRoom,0.08,96,65,279.4230651855469,10.964111328125,0.9658674001693726,True,False,0,0
3073,TwoRoom,0.08,97,65,253.8018035888672,4.417510986328125,0.8356046080589294,True,False,0,0
3073,TwoRoom,0.08,98,65,147.9715576171875,6.21051025390625,0.9157425165176392,True,False,0,0
3073,TwoRoom,0.08,99,65,17.105022430419922,13.71160888671875,3.9016506671905518,False,False,0,0
3073,PushT,0.0,0,65,34.64662551879883,439.99249267578125,267.4239501953125,False,True,0,44
3073,PushT,0.0,1,65,179.6195831298828,336.7034912109375,49.329158782958984,False,True,0,49
3073,PushT,0.0,2,65,193.64739990234375,331.2709045410156,57.81168746948242,False,True,0,48
3073,PushT,0.0,3,65,9.353988647460938,296.7261962890625,141.30694580078125,False,True,2,22
3073,PushT,0.0,4,65,136.81683349609375,396.7825927734375,47.168365478515625,False,True,0,32
3073,PushT,0.0,5,65,42.04995346069336,344.82696533203125,160.3905029296875,False,True,0,17
3073,PushT,0.0,6,65,153.80897521972656,537.7667236328125,140.25852966308594,False,True,0,8
3073,PushT,0.0,7,65,70.05068969726562,248.20216369628906,55.37547302246094,False,True,0,25
3073,PushT,0.0,8,65,208.95079040527344,353.6166687011719,65.81161499023438,False,True,0,62
3073,PushT,0.0,9,65,310.8814697265625,435.22235107421875,31.248489379882812,False,True,0,50
3073,PushT,0.0,10,65,240.961181640625,475.26531982421875,61.22348403930664,False,True,0,44
3073,PushT,0.0,11,65,215.5648193359375,340.38623046875,137.33168029785156,False,True,0,12
3073,PushT,0.0,12,65,110.52257537841797,333.1455078125,135.78453063964844,False,True,0,16
3073,PushT,0.0,13,65,86.88250732421875,506.34521484375,204.48390197753906,False,True,0,27
3073,PushT,0.0,14,65,72.33059692382812,335.16644287109375,142.52317810058594,False,True,0,29
3073,PushT,0.0,15,65,17.289079666137695,491.8583679199219,171.3944091796875,False,True,0,5
3073,PushT,0.0,16,65,281.22076416015625,332.25836181640625,62.02554702758789,False,False,0,0
3073,PushT,0.0,17,65,66.29002380371094,385.06915283203125,109.73954010009766,False,True,0,6
3073,PushT,0.0,18,65,332.2474365234375,405.3646240234375,108.9439926147461,False,True,0,60
3073,PushT,0.0,19,65,17.32017707824707,228.6678466796875,42.24462890625,False,False,0,0
3073,PushT,0.0,20,65,297.3047790527344,492.69512939453125,123.38147735595703,False,True,0,48
3073,PushT,0.0,21,65,139.4212646484375,451.49505615234375,127.07454681396484,False,True,0,33
3073,PushT,0.0,22,65,83.47749328613281,308.73162841796875,38.229801177978516,False,True,0,45
3073,PushT,0.0,23,65,145.6509246826172,355.25848388671875,67.32523345947266,False,False,0,0
3073,PushT,0.0,24,65,2.7732200622558594,343.1646728515625,129.917724609375,False,True,0,21
3073,PushT,0.0,25,65,27.852981567382812,449.6116638183594,244.07379150390625,False,True,0,60
3073,PushT,0.0,26,65,8.937685012817383,391.5096435546875,306.08203125,False,False,0,0
3073,PushT,0.0,27,65,123.15946960449219,472.8229064941406,89.69819641113281,False,True,0,30
3073,PushT,0.0,28,65,140.14166259765625,422.6494445800781,72.48355102539062,False,True,0,14
3073,PushT,0.0,29,65,134.4691619873047,484.813720703125,103.5263671875,False,True,0,34
3073,PushT,0.0,30,65,85.9085464477539,419.700927734375,143.31082153320312,False,True,0,38
3073,PushT,0.0,31,65,215.41004943847656,390.0687561035156,78.67146301269531,False,False,0,0
3073,PushT,0.0,32,65,34.34370803833008,479.2557373046875,251.3298797607422,False,True,0,11
3073,PushT,0.0,33,65,173.24281311035156,349.04541015625,106.07789611816406,False,False,0,0
3073,PushT,0.0,34,65,109.51385498046875,393.59857177734375,97.48701477050781,False,True,0,38
3073,PushT,0.0,35,65,120.21392822265625,463.4661560058594,182.40830993652344,False,True,0,59
3073,PushT,0.0,36,65,3.5435962677001953,173.7480926513672,104.86785125732422,False,True,0,25
3073,PushT,0.0,37,65,21.681692123413086,293.9383850097656,160.95480346679688,False,True,0,22
3073,PushT,0.0,38,65,129.49192810058594,431.4397888183594,114.97236633300781,False,True,0,11
3073,PushT,0.0,39,65,144.414794921875,435.9544677734375,92.46017456054688,False,True,0,39
3073,PushT,0.0,40,65,89.11911010742188,138.51202392578125,32.572994232177734,False,True,0,3
3073,PushT,0.0,41,65,68.28681945800781,276.3143005371094,44.263771057128906,False,True,0,3
3073,PushT,0.0,42,65,217.62969970703125,380.9942321777344,63.695777893066406,False,True,0,34
3073,PushT,0.0,43,65,121.32805633544922,431.5910339355469,153.71630859375,False,True,0,49
3073,PushT,0.0,44,65,22.515602111816406,230.03564453125,81.54327392578125,False,True,23,9
3073,PushT,0.0,45,65,12.096343994140625,143.28631591796875,61.92554473876953,False,True,59,63
3073,PushT,0.0,46,65,180.7836151123047,398.5820007324219,65.28922271728516,False,True,0,8
3073,PushT,0.0,47,65,104.21879577636719,421.0823974609375,79.49605560302734,False,True,0,57
3073,PushT,0.0,48,65,230.69911193847656,442.3829345703125,73.42059326171875,False,True,0,15
3073,PushT,0.0,49,65,280.5181884765625,175.7476348876953,43.75033950805664,False,False,0,0
3073,PushT,0.0,50,65,189.7357177734375,307.601318359375,36.01482009887695,False,True,0,17
3073,PushT,0.0,51,65,79.93470001220703,169.5717315673828,49.179542541503906,False,True,0,62
3073,PushT,0.0,52,65,199.30783081054688,465.7350158691406,131.05262756347656,False,True,0,12
3073,PushT,0.0,53,65,50.07794189453125,179.337158203125,73.18158721923828,False,False,0,0
3073,PushT,0.0,54,65,3.485671043395996,141.39700317382812,55.012123107910156,False,True,0,16
3073,PushT,0.0,55,65,140.08853149414062,375.17242431640625,88.44342803955078,False,True,0,44
3073,PushT,0.0,56,65,263.11663818359375,472.15997314453125,80.77932739257812,False,True,0,10
3073,PushT,0.0,57,65,113.99447631835938,339.5632629394531,64.87612915039062,False,True,0,26
3073,PushT,0.0,58,65,221.07789611816406,344.85211181640625,52.225921630859375,False,True,0,16
3073,PushT,0.0,59,65,213.91323852539062,286.5771484375,29.04292106628418,False,True,0,42
3073,PushT,0.0,60,65,42.88719940185547,255.06539916992188,49.338993072509766,False,True,0,37
3073,PushT,0.0,61,65,90.00541687011719,394.1225280761719,139.70309448242188,False,True,0,28
3073,PushT,0.0,62,65,115.17489624023438,386.53887939453125,144.0902557373047,False,True,0,49
3073,PushT,0.0,63,65,0.5618381500244141,139.30331420898438,30.724451065063477,False,True,0,44
3073,PushT,0.0,64,65,3.752735137939453,351.0098876953125,49.609779357910156,False,True,0,51
3073,PushT,0.0,65,65,204.88697814941406,418.44964599609375,117.58323669433594,False,True,0,19
3073,PushT,0.0,66,65,43.058128356933594,249.09890747070312,70.7216567993164,False,True,50,21
3073,PushT,0.0,67,65,88.62444305419922,308.8311767578125,69.36604309082031,False,True,0,5
3073,PushT,0.0,68,65,8.947563171386719,354.8600769042969,70.59010314941406,False,True,0,58
3073,PushT,0.0,69,65,20.145980834960938,286.8945007324219,116.17704772949219,False,True,0,1
3073,PushT,0.0,70,65,257.57843017578125,493.21856689453125,90.25873565673828,False,True,0,15
3073,PushT,0.0,71,65,88.05452728271484,317.6167907714844,55.3507194519043,False,True,0,29
3073,PushT,0.0,72,65,47.610382080078125,427.4494934082031,139.44178771972656,False,True,0,41
3073,PushT,0.0,73,65,5.229698181152344,417.47698974609375,200.00550842285156,False,True,17,35
3073,PushT,0.0,74,65,29.847061157226562,262.387451171875,92.88123321533203,False,True,0,18
3073,PushT,0.0,75,65,0.7913665771484375,170.63742065429688,89.68963623046875,False,True,49,23
3073,PushT,0.0,76,65,47.6409912109375,355.8443603515625,89.571533203125,False,True,1,52
3073,PushT,0.0,77,65,141.14866638183594,518.0726318359375,143.6266632080078,False,True,0,39
3073,PushT,0.0,78,65,299.0093994140625,386.3819274902344,111.51475524902344,False,True,0,39
3073,PushT,0.0,79,65,37.033416748046875,254.64254760742188,56.891563415527344,False,True,41,21
3073,PushT,0.0,80,65,60.89840316772461,407.2387390136719,109.66365051269531,False,True,0,46
3073,PushT,0.0,81,65,103.83152770996094,489.9429016113281,188.10675048828125,False,True,0,31
3073,PushT,0.0,82,65,217.4945831298828,424.67523193359375,49.9770622253418,False,True,0,44
3073,PushT,0.0,83,65,127.85414123535156,406.95587158203125,71.148681640625,False,True,0,41
3073,PushT,0.0,84,65,228.93112182617188,432.7261962890625,100.98944854736328,False,True,0,24
3073,PushT,0.0,85,65,16.482772827148438,351.176513671875,109.2280044555664,False,True,59,14
3073,PushT,0.0,86,65,144.636474609375,494.0391845703125,85.51258087158203,False,True,0,31
3073,PushT,0.0,87,65,5.007568359375,194.91082763671875,101.88490295410156,False,True,30,0
3073,PushT,0.0,88,65,302.3096618652344,526.1941528320312,44.162506103515625,False,True,0,10
3073,PushT,0.0,89,65,325.86724853515625,417.4990234375,65.1951904296875,False,True,0,60
3073,PushT,0.0,90,65,176.92901611328125,324.7364501953125,60.370521545410156,False,True,0,16
3073,PushT,0.0,91,65,36.714637756347656,260.72381591796875,70.23297882080078,False,True,0,62
3073,PushT,0.0,92,65,4.184291839599609,244.301513671875,113.96189880371094,False,True,56,53
3073,PushT,0.0,93,65,19.837604522705078,179.82789611816406,61.84590530395508,False,True,1,59
3073,PushT,0.0,94,65,16.123783111572266,299.39422607421875,191.7123260498047,False,True,0,13
3073,PushT,0.0,95,65,3.933349609375,168.09829711914062,65.74359893798828,False,True,1,63
3073,PushT,0.0,96,65,40.904457092285156,254.3411102294922,106.54271697998047,False,True,0,62
3073,PushT,0.0,97,65,58.24075698852539,335.5810852050781,115.97157287597656,False,True,0,60
3073,PushT,0.0,98,65,30.05978012084961,396.5095520019531,135.68716430664062,False,True,0,14
3073,PushT,0.0,99,65,256.06439208984375,410.5845031738281,68.76876068115234,False,True,0,47
3073,PushT,0.08,0,65,36.438270568847656,11.435089111328125,2.0919349193573,True,False,0,0
3073,PushT,0.08,1,65,354.710205078125,11.008026123046875,2.1074938774108887,True,False,0,0
3073,PushT,0.08,2,65,203.50738525390625,8.262847900390625,2.051567792892456,True,False,0,0
3073,PushT,0.08,3,65,8.630607604980469,25.530685424804688,4.214338302612305,False,False,56,56
3073,PushT,0.08,4,65,195.8293914794922,53.882476806640625,4.797799110412598,True,False,0,0
3073,PushT,0.08,5,65,43.53166580200195,17.95184326171875,3.6260874271392822,True,False,0,0
3073,PushT,0.08,6,65,253.2944793701172,20.7156982421875,3.1828746795654297,True,False,0,0
3073,PushT,0.08,7,65,76.04033660888672,8.87841796875,2.934288740158081,True,False,0,0
3073,PushT,0.08,8,65,212.044189453125,11.434158325195312,1.2459397315979004,True,False,0,0
3073,PushT,0.08,9,65,375.4088134765625,5.847137451171875,0.7915143370628357,True,False,0,0
3073,PushT,0.08,10,65,89.23289489746094,26.170623779296875,2.210437774658203,True,False,0,0
3073,PushT,0.08,11,65,309.37945556640625,7.63250732421875,1.3387746810913086,True,False,0,0
3073,PushT,0.08,12,65,58.53776168823242,14.830780029296875,3.9300665855407715,True,False,0,0
3073,PushT,0.08,13,65,84.84365844726562,26.59173583984375,8.958178520202637,True,False,0,0
3073,PushT,0.08,14,65,87.22767639160156,24.18695068359375,6.7101945877075195,True,False,0,0
3073,PushT,0.08,15,65,15.351999282836914,52.123199462890625,8.627411842346191,False,False,0,0
3073,PushT,0.08,16,65,282.1998291015625,13.45440673828125,4.280877113342285,True,False,0,0
3073,PushT,0.08,17,65,106.34387969970703,22.6541748046875,2.9194936752319336,True,False,0,0
3073,PushT,0.08,18,65,354.373046875,3.796661376953125,1.4191454648971558,True,False,0,0
3073,PushT,0.08,19,65,7.535511016845703,12.29595947265625,3.983546733856201,False,False,0,0
3073,PushT,0.08,20,65,243.65982055664062,44.94207763671875,2.1320884227752686,True,False,0,0
3073,PushT,0.08,21,65,103.26502227783203,28.907608032226562,5.955849647521973,True,False,0,0
3073,PushT,0.08,22,65,191.46713256835938,22.711456298828125,3.9736149311065674,True,False,0,0
3073,PushT,0.08,23,65,188.39971923828125,11.395458221435547,4.534049987792969,True,False,0,0
3073,PushT,0.08,24,65,10.756427764892578,10.133346557617188,1.3223525285720825,False,False,7,7
3073,PushT,0.08,25,65,37.395713806152344,43.6099853515625,10.349298477172852,False,False,0,0
3073,PushT,0.08,26,65,17.75664520263672,8.542625427246094,3.1024370193481445,True,False,32,32
3073,PushT,0.08,27,65,52.54978942871094,35.70965576171875,2.988114595413208,False,False,0,0
3073,PushT,0.08,28,65,192.13507080078125,76.8885498046875,8.337329864501953,True,False,0,0
3073,PushT,0.08,29,65,151.927001953125,57.737762451171875,4.303194522857666,True,False,0,0
3073,PushT,0.08,30,65,158.8992919921875,31.459136962890625,6.24357795715332,True,False,0,0
3073,PushT,0.08,31,65,332.2464294433594,9.005279541015625,1.5548505783081055,True,False,0,0
3073,PushT,0.08,32,65,18.358373641967773,10.685577392578125,2.7319843769073486,False,False,0,0
3073,PushT,0.08,33,65,166.89999389648438,15.328399658203125,2.07157039642334,True,False,0,0
3073,PushT,0.08,34,65,149.22195434570312,23.36236572265625,4.095005512237549,True,False,0,0
3073,PushT,0.08,35,65,98.95914459228516,16.00445556640625,5.812724590301514,True,False,0,0
3073,PushT,0.08,36,65,3.7969589233398438,3.8167037963867188,1.5151780843734741,False,False,1,1
3073,PushT,0.08,37,65,30.893878936767578,12.251358032226562,3.2349350452423096,True,False,0,0
3073,PushT,0.08,38,65,276.57830810546875,9.1937255859375,1.733947515487671,True,False,0,0
3073,PushT,0.08,39,65,162.54014587402344,18.198974609375,5.859553337097168,True,False,0,0
3073,PushT,0.08,40,65,298.7416076660156,22.591217041015625,2.8599891662597656,True,False,0,0
3073,PushT,0.08,41,65,88.04916381835938,23.971298217773438,2.3603179454803467,True,False,0,0
3073,PushT,0.08,42,65,224.0745086669922,42.521728515625,2.675900936126709,True,False,0,0
3073,PushT,0.08,43,65,101.83146667480469,16.926406860351562,4.0064473152160645,True,False,0,0
3073,PushT,0.08,44,65,51.209312438964844,17.983291625976562,3.4425055980682373,True,False,23,23
3073,PushT,0.08,45,65,9.411697387695312,2.908294677734375,0.9050583839416504,True,False,27,27
3073,PushT,0.08,46,65,216.93441772460938,54.476715087890625,2.4086925983428955,True,False,0,0
3073,PushT,0.08,47,65,165.8468780517578,8.642669677734375,1.706282377243042,True,False,0,0
3073,PushT,0.08,48,65,155.5007781982422,60.65224838256836,9.99072551727295,True,False,0,0
3073,PushT,0.08,49,65,171.80714416503906,39.284637451171875,7.137133598327637,True,False,0,0
3073,PushT,0.08,50,65,248.13601684570312,10.840728759765625,2.453704833984375,True,False,0,0
3073,PushT,0.08,51,65,75.58354187011719,22.766876220703125,3.728436231613159,True,False,0,0
3073,PushT,0.08,52,65,129.28982543945312,41.62154006958008,5.846237659454346,True,False,0,0
3073,PushT,0.08,53,65,83.1412582397461,14.747062683105469,4.880416393280029,True,False,0,0
3073,PushT,0.08,54,65,25.266223907470703,27.229248046875,4.5684494972229,False,False,0,0
3073,PushT,0.08,55,65,154.16290283203125,28.639007568359375,7.442962169647217,True,False,0,0
3073,PushT,0.08,56,65,225.42156982421875,7.1834716796875,2.9159810543060303,True,False,0,0
3073,PushT,0.08,57,65,130.88978576660156,13.12457275390625,6.457014560699463,True,False,0,0
3073,PushT,0.08,58,65,295.7934875488281,16.460113525390625,2.4972310066223145,True,False,0,0
3073,PushT,0.08,59,65,263.90142822265625,36.5811767578125,6.25565242767334,True,False,0,0
3073,PushT,0.08,60,65,40.263885498046875,7.835174560546875,2.159062385559082,True,False,0,0
3073,PushT,0.08,61,65,106.06988525390625,15.019561767578125,2.970824956893921,True,False,0,0
3073,PushT,0.08,62,65,156.5977783203125,8.20513916015625,2.3874928951263428,True,False,0,0
3073,PushT,0.08,63,65,4.571449279785156,17.50560760498047,5.862786293029785,False,False,0,0
3073,PushT,0.08,64,65,0.6612834930419922,11.928970336914062,4.1573004722595215,False,False,0,0
3073,PushT,0.08,65,65,215.68067932128906,52.833656311035156,5.995152473449707,True,False,0,0
3073,PushT,0.08,66,65,0.8670120239257812,98.70822143554688,38.83780288696289,False,False,0,0
3073,PushT,0.08,67,65,102.08786010742188,27.8299560546875,5.960361957550049,True,False,0,0
3073,PushT,0.08,68,65,131.0548858642578,20.8037109375,4.921640872955322,True,False,0,0
3073,PushT,0.08,69,65,79.46170043945312,23.89208984375,3.430471897125244,True,False,0,0
3073,PushT,0.08,70,65,135.73870849609375,17.916259765625,2.6285409927368164,True,False,0,0
3073,PushT,0.08,71,65,165.974853515625,19.279949188232422,3.4984290599823,True,False,0,0
3073,PushT,0.08,72,65,48.040367126464844,19.177459716796875,2.421556234359741,True,False,0,0
3073,PushT,0.08,73,65,8.347816467285156,27.339004516601562,5.677643299102783,False,False,0,0
3073,PushT,0.08,74,65,87.75434875488281,4.61663818359375,1.081754446029663,True,False,0,0
3073,PushT,0.08,75,65,0.37362098693847656,6.7217864990234375,2.30002498626709,False,True,22,14
3073,PushT,0.08,76,65,8.145477294921875,17.369522094726562,2.628387451171875,False,False,1,1
3073,PushT,0.08,77,65,224.25045776367188,15.3388671875,2.174774169921875,True,False,0,0
3073,PushT,0.08,78,65,276.667236328125,15.843017578125,9.859485626220703,True,False,0,0
3073,PushT,0.08,79,65,4.938697814941406,18.57745361328125,5.4390974044799805,False,False,47,47
3073,PushT,0.08,80,65,132.88990783691406,4.5623779296875,1.6670095920562744,True,False,0,0
3073,PushT,0.08,81,65,44.71515655517578,11.2271728515625,2.6757071018218994,True,False,0,0
3073,PushT,0.08,82,65,332.6790466308594,7.917724609375,2.3225624561309814,True,False,0,0
3073,PushT,0.08,83,65,234.36111450195312,38.43072509765625,6.029373645782471,True,False,0,0
3073,PushT,0.08,84,65,221.31373596191406,29.896848678588867,2.773469924926758,True,False,0,0
3073,PushT,0.08,85,65,47.781585693359375,74.37985229492188,6.089770317077637,False,False,60,60
3073,PushT,0.08,86,65,293.2716979980469,25.144195556640625,3.5189743041992188,True,False,0,0
3073,PushT,0.08,87,65,160.6143798828125,8.647735595703125,1.2000586986541748,True,False,0,0
3073,PushT,0.08,88,65,261.3510437011719,18.247695922851562,4.250992774963379,True,False,0,0
3073,PushT,0.08,89,65,348.18267822265625,5.37762451171875,2.139455556869507,True,False,0,0
3073,PushT,0.08,90,65,246.29454040527344,24.80982208251953,2.0153706073760986,True,False,0,0
3073,PushT,0.08,91,65,161.29598999023438,6.7791748046875,0.8784548044204712,True,False,0,0
3073,PushT,0.08,92,65,12.69411849975586,14.668182373046875,3.5177690982818604,False,False,0,0
3073,PushT,0.08,93,65,20.12220001220703,16.26654052734375,1.4354057312011719,False,False,1,1
3073,PushT,0.08,94,65,9.771777153015137,4.6981048583984375,1.6123088598251343,True,False,0,0
3073,PushT,0.08,95,65,39.862571716308594,72.3360595703125,7.999820709228516,False,False,1,1
3073,PushT,0.08,96,65,95.46963500976562,9.9622802734375,1.4694932699203491,True,False,0,0
3073,PushT,0.08,97,65,87.37013244628906,3.1949462890625,1.217334508895874,True,False,0,0
3073,PushT,0.08,98,65,6.6914825439453125,12.789657592773438,5.199717044830322,False,False,0,0
3073,PushT,0.08,99,65,221.90023803710938,13.9722900390625,1.833998680114746,True,False,0,0
3073,Reacher,0.0,0,65,66.80091857910156,319.55474853515625,90.26133728027344,False,True,0,49
3073,Reacher,0.0,1,65,34.65635681152344,456.164794921875,82.20028686523438,False,True,0,15
3073,Reacher,0.0,2,65,62.89200210571289,396.5048522949219,125.57699584960938,False,True,0,23
3073,Reacher,0.0,3,65,29.157825469970703,340.3704833984375,82.81332397460938,False,True,0,57
3073,Reacher,0.0,4,65,22.231637954711914,553.5787353515625,142.18618774414062,False,True,0,55
3073,Reacher,0.0,5,65,10.871195793151855,364.26434326171875,112.81749725341797,False,True,0,60
3073,Reacher,0.0,6,65,14.228151321411133,340.520263671875,75.26998901367188,False,True,0,62
3073,Reacher,0.0,7,65,101.71197509765625,423.9995422363281,178.24839782714844,False,True,0,25
3073,Reacher,0.0,8,65,27.595975875854492,63.40057373046875,14.9575777053833,False,False,0,0
3073,Reacher,0.0,9,65,139.53524780273438,394.84033203125,76.57968139648438,False,True,0,35
3073,Reacher,0.0,10,65,40.117027282714844,419.7414245605469,120.00223541259766,False,True,0,36
3073,Reacher,0.0,11,65,1.5026658773422241,414.8023681640625,117.38627624511719,False,True,7,57
3073,Reacher,0.0,12,65,8.957669258117676,224.2791748046875,61.69887161254883,False,True,0,55
3073,Reacher,0.0,13,65,17.425329208374023,382.316162109375,132.9246368408203,False,True,0,33
3073,Reacher,0.0,14,65,0.545159637928009,468.43341064453125,162.61337280273438,False,True,53,47
3073,Reacher,0.0,15,65,288.2975769042969,221.02874755859375,51.72867965698242,False,True,0,31
3073,Reacher,0.0,16,65,10.187552452087402,129.91802978515625,27.821136474609375,False,False,0,0
3073,Reacher,0.0,17,65,3.0474090576171875,289.5235900878906,66.45011138916016,False,True,0,6
3073,Reacher,0.0,18,65,2.448134422302246,525.6810302734375,161.86941528320312,False,True,0,22
3073,Reacher,0.0,19,65,19.657386779785156,493.47882080078125,147.62539672851562,False,True,0,60
3073,Reacher,0.0,20,65,26.939849853515625,392.46044921875,68.29720306396484,False,True,0,8
3073,Reacher,0.0,21,65,10.145463943481445,336.5403137207031,143.3000946044922,False,True,0,36
3073,Reacher,0.0,22,65,2.986082077026367,123.35939025878906,21.812259674072266,False,True,0,62
3073,Reacher,0.0,23,65,21.669109344482422,352.81170654296875,71.02056884765625,False,True,0,37
3073,Reacher,0.0,24,65,3.8993144035339355,87.26052856445312,20.929994583129883,False,True,61,0
3073,Reacher,0.0,25,65,4.858028888702393,314.8422546386719,90.65167236328125,False,True,0,30
3073,Reacher,0.0,26,65,0.728746771812439,346.779296875,112.48790740966797,False,True,63,51
3073,Reacher,0.0,27,65,25.617706298828125,284.63836669921875,83.68023681640625,False,True,0,45
3073,Reacher,0.0,28,65,13.350979804992676,107.11769104003906,23.142013549804688,False,True,0,40
3073,Reacher,0.0,29,65,2.005690813064575,443.1773376464844,139.81651306152344,False,False,0,0
3073,Reacher,0.0,30,65,5.989096641540527,163.7593536376953,50.12417221069336,False,True,0,35
3073,Reacher,0.0,31,65,0.7746896743774414,391.9344787597656,145.1678466796875,False,True,60,15
3073,Reacher,0.0,32,65,1.0750513076782227,480.57208251953125,159.8283233642578,False,True,33,35
3073,Reacher,0.0,33,65,14.893821716308594,232.18177795410156,39.76185989379883,False,True,0,64
3073,Reacher,0.0,34,65,1.0756001472473145,365.8652038574219,159.9662628173828,False,True,47,1
3073,Reacher,0.0,35,65,2.4826889038085938,350.34808349609375,72.46080017089844,False,True,0,45
3073,Reacher,0.0,36,65,15.09460735321045,333.6832275390625,100.7259750366211,False,True,0,29
3073,Reacher,0.0,37,65,2.1505279541015625,319.83734130859375,104.61148071289062,False,True,0,59
3073,Reacher,0.0,38,65,15.678865432739258,157.19998168945312,74.34954071044922,False,False,0,0
3073,Reacher,0.0,39,65,0.04940462112426758,92.4644775390625,24.635774612426758,False,False,0,0
3073,Reacher,0.0,40,65,8.818039894104004,485.26678466796875,201.1291961669922,False,True,0,48
3073,Reacher,0.0,41,65,70.76923370361328,360.88458251953125,107.44290924072266,False,True,0,61
3073,Reacher,0.0,42,65,18.560749053955078,344.1693420410156,86.98490905761719,False,True,0,5
3073,Reacher,0.0,43,65,1.1222299337387085,235.55799865722656,58.66872024536133,False,True,0,45
3073,Reacher,0.0,44,65,19.026575088500977,188.8328857421875,56.8088264465332,False,True,0,9
3073,Reacher,0.0,45,65,96.1480712890625,406.41326904296875,49.31597137451172,False,True,0,22
3073,Reacher,0.0,46,65,36.27766036987305,305.6924133300781,70.10971069335938,False,False,0,0
3073,Reacher,0.0,47,65,37.812896728515625,401.5207214355469,134.64883422851562,False,True,0,25
3073,Reacher,0.0,48,65,95.467041015625,410.95294189453125,112.9509048461914,False,True,0,57
3073,Reacher,0.0,49,65,11.229721069335938,353.9210510253906,158.67564392089844,False,True,0,8
3073,Reacher,0.0,50,65,29.288087844848633,370.6153259277344,126.1021499633789,False,True,0,33
3073,Reacher,0.0,51,65,0.7127535343170166,256.2682189941406,87.88217163085938,False,True,0,25
3073,Reacher,0.0,52,65,78.07623291015625,332.119384765625,87.30159759521484,False,True,0,26
3073,Reacher,0.0,53,65,46.529727935791016,427.80499267578125,81.1646728515625,False,True,0,49
3073,Reacher,0.0,54,65,3.464512348175049,180.85946655273438,39.9608154296875,False,False,0,0
3073,Reacher,0.0,55,65,241.53489685058594,291.6897888183594,59.222618103027344,False,False,0,0
3073,Reacher,0.0,56,65,11.700897216796875,343.3094787597656,76.35308837890625,False,True,0,2
3073,Reacher,0.0,57,65,6.341111183166504,427.7112121582031,94.14404296875,False,True,0,45
3073,Reacher,0.0,58,65,7.821839332580566,170.867431640625,55.26221466064453,False,True,0,9
3073,Reacher,0.0,59,65,10.556171417236328,294.7734069824219,83.1934585571289,False,True,0,51
3073,Reacher,0.0,60,65,32.0906867980957,275.1773681640625,67.81890869140625,False,True,0,60
3073,Reacher,0.0,61,65,4.001531600952148,138.48898315429688,41.21904754638672,False,True,0,53
3073,Reacher,0.0,62,65,52.284793853759766,77.0206298828125,21.02182960510254,False,True,0,39
3073,Reacher,0.0,63,65,94.05245971679688,342.67584228515625,85.3334732055664,False,True,0,53
3073,Reacher,0.0,64,65,50.174072265625,284.4272155761719,70.67700958251953,False,True,0,10
3073,Reacher,0.0,65,65,0.598229169845581,313.69549560546875,76.5744857788086,False,True,0,31
3073,Reacher,0.0,66,65,9.218950271606445,260.568359375,84.1181640625,False,True,0,5
3073,Reacher,0.0,67,65,10.4886474609375,367.9889831542969,70.87325286865234,False,True,0,45
3073,Reacher,0.0,68,65,74.11585235595703,290.7139892578125,108.42453002929688,False,True,0,61
3073,Reacher,0.0,69,65,1.0987143516540527,389.3822937011719,149.26246643066406,False,False,17,17
3073,Reacher,0.0,70,65,49.46883773803711,90.03152465820312,16.5292911529541,False,False,0,0
3073,Reacher,0.0,71,65,7.629774570465088,192.70489501953125,61.74864959716797,False,True,0,22
3073,Reacher,0.0,72,65,17.78400993347168,477.4003601074219,131.3897247314453,False,True,0,17
3073,Reacher,0.0,73,65,20.08686637878418,334.0838317871094,99.16175079345703,False,True,0,18
3073,Reacher,0.0,74,65,35.2337532043457,250.06448364257812,69.42388153076172,False,True,0,19
3073,Reacher,0.0,75,65,0.3595278263092041,183.7218017578125,46.813385009765625,False,True,0,50
3073,Reacher,0.0,76,65,86.38928985595703,155.54318237304688,26.138534545898438,False,True,0,13
3073,Reacher,0.0,77,65,1.9459171295166016,372.7955322265625,129.04608154296875,False,True,0,21
3073,Reacher,0.0,78,65,32.02987289428711,358.1689453125,96.15181732177734,False,True,0,27
3073,Reacher,0.0,79,65,6.149996757507324,412.84033203125,127.10601043701172,False,True,0,27
3073,Reacher,0.0,80,65,0.4590793251991272,254.3980712890625,60.21989059448242,False,True,7,5
3073,Reacher,0.0,81,65,20.053918838500977,318.69287109375,103.893310546875,False,True,0,1
3073,Reacher,0.0,82,65,16.595529556274414,239.12423706054688,59.0399169921875,False,True,0,25
3073,Reacher,0.0,83,65,24.248523712158203,499.01641845703125,154.61614990234375,False,True,0,19
3073,Reacher,0.0,84,65,12.576221466064453,206.7249755859375,60.13539123535156,False,True,0,42
3073,Reacher,0.0,85,65,7.149585723876953,208.5244140625,31.94866943359375,False,False,0,0
3073,Reacher,0.0,86,65,21.77423858642578,102.78622436523438,28.149093627929688,False,False,0,0
3073,Reacher,0.0,87,65,29.84135627746582,227.3055877685547,96.87071990966797,False,True,0,36
3073,Reacher,0.0,88,65,0.05447113513946533,187.5634002685547,64.39144897460938,False,True,0,3
3073,Reacher,0.0,89,65,51.64518737792969,120.51850891113281,30.24993896484375,False,False,0,0
3073,Reacher,0.0,90,65,13.204994201660156,452.5141906738281,108.77006530761719,False,True,0,35
3073,Reacher,0.0,91,65,6.0210442543029785,406.4329528808594,130.00428771972656,False,True,0,35
3073,Reacher,0.0,92,65,2.61635160446167,349.8193664550781,109.5283203125,False,True,0,50
3073,Reacher,0.0,93,65,2.390825033187866,102.682373046875,30.130035400390625,False,False,0,0
3073,Reacher,0.0,94,65,34.59825134277344,116.90577697753906,31.297338485717773,False,False,0,0
3073,Reacher,0.0,95,65,40.91557312011719,184.9000244140625,70.81478881835938,False,True,0,3
3073,Reacher,0.0,96,65,0.35254085063934326,203.34262084960938,67.06011199951172,False,True,0,22
3073,Reacher,0.0,97,65,11.870644569396973,420.9937438964844,104.33940124511719,False,True,0,61
3073,Reacher,0.0,98,65,235.88348388671875,123.71853637695312,26.805919647216797,False,False,0,0
3073,Reacher,0.0,99,65,60.17095947265625,434.3038330078125,67.87994384765625,False,True,0,11
3073,Reacher,0.08,0,65,97.21403503417969,4.699317932128906,0.8453008532524109,True,False,0,0
3073,Reacher,0.08,1,65,28.819692611694336,9.490386962890625,1.6065620183944702,True,False,0,0
3073,Reacher,0.08,2,65,55.945396423339844,6.3795318603515625,1.3655617237091064,True,False,0,0
3073,Reacher,0.08,3,65,51.77006530761719,5.3246917724609375,1.2088348865509033,True,False,0,0
3073,Reacher,0.08,4,65,26.703540802001953,9.708465576171875,3.403839111328125,True,False,0,0
3073,Reacher,0.08,5,65,19.775291442871094,10.020126342773438,2.120710611343384,False,False,0,0
3073,Reacher,0.08,6,65,25.28451919555664,1.7291717529296875,0.23297373950481415,True,False,0,0
3073,Reacher,0.08,7,65,102.29500579833984,8.49969482421875,1.0067715644836426,True,False,0,0
3073,Reacher,0.08,8,65,28.719995498657227,11.234970092773438,1.6895825862884521,True,False,0,0
3073,Reacher,0.08,9,65,114.08829498291016,4.3246917724609375,1.0096949338912964,True,False,0,0
3073,Reacher,0.08,10,65,38.227455139160156,13.174171447753906,4.364953517913818,True,False,0,0
3073,Reacher,0.08,11,65,0.359041690826416,11.06842041015625,2.763385534286499,False,False,7,7
3073,Reacher,0.08,12,65,2.4899868965148926,3.80865478515625,1.0369641780853271,False,False,0,0
3073,Reacher,0.08,13,65,12.608772277832031,11.164047241210938,3.6789023876190186,False,False,0,0
3073,Reacher,0.08,14,65,15.71541976928711,1.735687255859375,0.28974321484565735,True,False,53,53
3073,Reacher,0.08,15,65,308.64447021484375,3.35498046875,1.188389778137207,True,False,0,0
3073,Reacher,0.08,16,65,14.563230514526367,11.619987487792969,2.202289581298828,False,False,0,0
3073,Reacher,0.08,17,65,2.8806304931640625,2.00750732421875,0.2849802076816559,False,False,0,0
3073,Reacher,0.08,18,65,1.6321440935134888,12.288482666015625,3.5333151817321777,False,False,0,0
3073,Reacher,0.08,19,65,17.05710792541504,10.620147705078125,2.3585212230682373,False,False,0,0
3073,Reacher,0.08,20,65,36.14009475708008,7.550750732421875,1.337135910987854,True,False,0,0
3073,Reacher,0.08,21,65,13.78752613067627,3.036163330078125,0.45295071601867676,True,False,0,0
3073,Reacher,0.08,22,65,10.49968433380127,10.07037353515625,2.9357125759124756,False,False,0,0
3073,Reacher,0.08,23,65,18.34149742126465,9.212127685546875,2.1740102767944336,False,False,0,0
3073,Reacher,0.08,24,65,4.744967460632324,12.011123657226562,2.4735159873962402,False,False,0,0
3073,Reacher,0.08,25,65,20.401403427124023,9.56494140625,1.7795213460922241,True,False,0,0
3073,Reacher,0.08,26,65,3.663760185241699,6.5142822265625,1.7216140031814575,False,False,63,63
3073,Reacher,0.08,27,65,53.77252960205078,7.5916900634765625,1.6777135133743286,True,False,0,0
3073,Reacher,0.08,28,65,29.866308212280273,10.928726196289062,3.0072383880615234,True,False,0,0
3073,Reacher,0.08,29,65,0.5618319511413574,11.036117553710938,2.2528934478759766,False,False,55,55
3073,Reacher,0.08,30,65,12.238931655883789,3.20220947265625,1.052484393119812,True,False,0,0
3073,Reacher,0.08,31,65,0.18029332160949707,4.7862091064453125,1.0455554723739624,False,False,60,60
3073,Reacher,0.08,32,65,2.8310160636901855,9.708251953125,3.245445728302002,False,False,33,33
3073,Reacher,0.08,33,65,10.024200439453125,1.420379638671875,0.24100197851657867,True,False,35,35
3073,Reacher,0.08,34,65,2.2832179069519043,2.9209518432617188,0.7165643572807312,False,False,0,0
3073,Reacher,0.08,35,65,15.91633415222168,2.27288818359375,0.5722132921218872,True,False,0,0
3073,Reacher,0.08,36,65,8.602742195129395,8.74981689453125,1.952580213546753,False,False,0,0
3073,Reacher,0.08,37,65,2.149214267730713,10.318954467773438,3.1066908836364746,False,False,0,0
3073,Reacher,0.08,38,65,14.986699104309082,5.5389404296875,1.135111689567566,True,False,0,0
3073,Reacher,0.08,39,65,0.611434817314148,5.397613525390625,1.4303561449050903,False,False,53,53
3073,Reacher,0.08,40,65,16.759553909301758,3.3482208251953125,1.4752893447875977,True,False,0,0
3073,Reacher,0.08,41,65,76.2559814453125,7.591339111328125,1.9326220750808716,True,False,0,0
3073,Reacher,0.08,42,65,18.576656341552734,5.2303924560546875,0.8958153128623962,True,False,0,0
3073,Reacher,0.08,43,65,2.3670802116394043,2.28265380859375,0.6450860500335693,False,False,0,0
3073,Reacher,0.08,44,65,6.664456367492676,6.4573822021484375,1.500731110572815,False,False,0,0
3073,Reacher,0.08,45,65,103.89186096191406,6.9549102783203125,1.2503738403320312,True,False,0,0
3073,Reacher,0.08,46,65,42.42516326904297,5.49853515625,0.8794878721237183,True,False,0,0
3073,Reacher,0.08,47,65,25.33586311340332,15.146484375,5.0312957763671875,False,False,0,0
3073,Reacher,0.08,48,65,65.45299530029297,1.7159881591796875,0.3157099783420563,True,False,0,0
3073,Reacher,0.08,49,65,10.836259841918945,2.686859130859375,0.44704872369766235,True,False,0,0
3073,Reacher,0.08,50,65,30.604848861694336,3.91571044921875,1.1506391763687134,True,False,0,0
3073,Reacher,0.08,51,65,0.3178229331970215,3.169586181640625,0.9302693605422974,False,True,0,1
3073,Reacher,0.08,52,65,70.52489471435547,7.6739349365234375,1.1258420944213867,True,False,0,0
3073,Reacher,0.08,53,65,63.17005157470703,4.55499267578125,1.056764841079712,True,False,0,0
3073,Reacher,0.08,54,65,3.912061929702759,5.448974609375,0.9549204707145691,False,False,0,0
3073,Reacher,0.08,55,65,265.6585388183594,2.8582763671875,0.5109232664108276,True,False,0,0
3073,Reacher,0.08,56,65,17.14672088623047,9.727630615234375,2.212599277496338,False,False,0,0
3073,Reacher,0.08,57,65,11.530176162719727,4.621978759765625,1.304219365119934,True,False,0,0
3073,Reacher,0.08,58,65,10.256124496459961,3.0909957885742188,0.8943185210227966,True,False,0,0
3073,Reacher,0.08,59,65,5.73604679107666,2.996490478515625,0.8386011719703674,False,False,0,0
3073,Reacher,0.08,60,65,16.146442413330078,7.998260498046875,2.235761880874634,True,False,0,0
3073,Reacher,0.08,61,65,11.199280738830566,1.6920166015625,0.36832693219184875,True,False,0,0
3073,Reacher,0.08,62,65,43.54747772216797,0.561279296875,0.09128765761852264,True,False,0,0
3073,Reacher,0.08,63,65,111.12674713134766,3.6212158203125,0.836169421672821,True,False,0,0
3073,Reacher,0.08,64,65,66.77130126953125,3.617919921875,0.7394415736198425,True,False,0,0
3073,Reacher,0.08,65,65,1.411635160446167,10.8780517578125,3.002051830291748,False,False,0,0
3073,Reacher,0.08,66,65,14.964018821716309,16.57275390625,4.206511974334717,False,False,0,0
3073,Reacher,0.08,67,65,15.702301025390625,3.57318115234375,0.8240586519241333,True,False,0,0
3073,Reacher,0.08,68,65,83.2603759765625,7.195709228515625,1.404540777206421,True,False,0,0
3073,Reacher,0.08,69,65,0.2569711208343506,10.603179931640625,1.7987337112426758,False,False,0,0
3073,Reacher,0.08,70,65,53.02271270751953,6.295684814453125,1.312996506690979,True,False,0,0
3073,Reacher,0.08,71,65,13.823429107666016,3.8660888671875,0.9761948585510254,True,False,0,0
3073,Reacher,0.08,72,65,12.304039001464844,5.3861083984375,1.4839231967926025,True,False,0,0
3073,Reacher,0.08,73,65,20.460975646972656,3.019195556640625,0.617985188961029,True,False,0,0
3073,Reacher,0.08,74,65,18.69447898864746,4.570343017578125,1.5766743421554565,True,False,0,0
3073,Reacher,0.08,75,65,8.507247924804688,8.741973876953125,2.04834246635437,False,False,0,0
3073,Reacher,0.08,76,65,90.42701721191406,3.409881591796875,0.6672722101211548,True,False,0,0
3073,Reacher,0.08,77,65,4.966137409210205,1.9093170166015625,0.6574918627738953,True,False,0,0
3073,Reacher,0.08,78,65,33.55034637451172,5.0474395751953125,1.3709758520126343,True,False,0,0
3073,Reacher,0.08,79,65,1.8063416481018066,7.0020751953125,0.9129259586334229,False,False,20,20
3073,Reacher,0.08,80,65,1.5273640155792236,3.713775634765625,0.8240877985954285,False,False,0,0
3073,Reacher,0.08,81,65,29.898624420166016,6.481292724609375,1.3068128824234009,True,False,0,0
3073,Reacher,0.08,82,65,13.398719787597656,5.680023193359375,1.4240087270736694,True,False,0,0
3073,Reacher,0.08,83,65,32.773094177246094,5.625640869140625,2.313809633255005,True,False,0,0
3073,Reacher,0.08,84,65,15.431313514709473,7.7035369873046875,2.3312103748321533,True,False,0,0
3073,Reacher,0.08,85,65,7.990177154541016,1.908599853515625,0.35031044483184814,True,False,0,0
3073,Reacher,0.08,86,65,20.39818000793457,3.7255706787109375,0.744666576385498,True,False,0,0
3073,Reacher,0.08,87,65,27.703407287597656,4.8862152099609375,1.3127446174621582,True,False,0,0
3073,Reacher,0.08,88,65,5.252781867980957,8.961257934570312,2.8782217502593994,False,False,0,0
3073,Reacher,0.08,89,65,73.98257446289062,4.13861083984375,1.0717482566833496,True,False,0,0
3073,Reacher,0.08,90,65,16.204631805419922,12.6807861328125,3.5556297302246094,False,False,0,0
3073,Reacher,0.08,91,65,7.35093355178833,10.375961303710938,1.6028759479522705,False,False,0,0
3073,Reacher,0.08,92,65,4.868918418884277,6.3717041015625,1.665636658668518,False,False,0,0
3073,Reacher,0.08,93,65,5.054115295410156,4.342926025390625,1.183643102645874,False,False,0,0
3073,Reacher,0.08,94,65,42.666221618652344,9.166351318359375,3.2728118896484375,True,False,0,0
3073,Reacher,0.08,95,65,41.38685607910156,4.262359619140625,0.9190387725830078,True,False,0,0
3073,Reacher,0.08,96,65,0.02730250358581543,2.2992401123046875,0.7574983835220337,False,False,32,32
3073,Reacher,0.08,97,65,20.371593475341797,8.781623840332031,1.6477572917938232,True,False,0,0
3073,Reacher,0.08,98,65,209.22842407226562,4.49542236328125,1.1487107276916504,True,False,0,0
3073,Reacher,0.08,99,65,78.03182983398438,3.1588134765625,0.9264730215072632,True,False,0,0
3073,Cube,0.0,0,65,17.628250122070312,243.2723846435547,64.67864990234375,False,True,0,50
3073,Cube,0.0,1,65,25.800140380859375,444.1779479980469,147.29237365722656,False,True,0,64
3073,Cube,0.0,2,65,28.941967010498047,578.8013916015625,152.5606689453125,False,True,0,23
3073,Cube,0.0,3,65,30.090566635131836,194.8090057373047,62.70490264892578,False,False,0,0
3073,Cube,0.0,4,65,165.0726776123047,404.26239013671875,78.61810302734375,False,True,0,23
3073,Cube,0.0,5,65,18.95174789428711,302.4119873046875,81.66948699951172,False,False,0,0
3073,Cube,0.0,6,65,247.84671020507812,400.76953125,67.44863891601562,False,True,0,44
3073,Cube,0.0,7,65,163.82212829589844,269.38323974609375,79.39763641357422,False,True,0,46
3073,Cube,0.0,8,65,118.28732299804688,321.6313781738281,85.7522201538086,False,True,0,53
3073,Cube,0.0,9,65,18.79441261291504,327.638671875,79.94696807861328,False,True,0,37
3073,Cube,0.0,10,65,41.76125717163086,404.731201171875,82.45620727539062,False,True,0,38
3073,Cube,0.0,11,65,132.2274932861328,375.06817626953125,78.87918090820312,False,True,0,41
3073,Cube,0.0,12,65,56.03764724731445,362.0673828125,77.29568481445312,False,True,0,18
3073,Cube,0.0,13,65,101.0323486328125,377.7339782714844,98.75103759765625,False,True,0,42
3073,Cube,0.0,14,65,147.8328857421875,128.35546875,29.292179107666016,False,False,0,0
3073,Cube,0.0,15,65,207.39035034179688,489.6087951660156,127.33951568603516,False,True,0,59
3073,Cube,0.0,16,65,218.9671173095703,189.02560424804688,38.90534973144531,False,False,0,0
3073,Cube,0.0,17,65,12.36935043334961,366.30889892578125,93.509033203125,False,True,0,8
3073,Cube,0.0,18,65,47.36206817626953,370.4986267089844,96.39449310302734,False,True,0,42
3073,Cube,0.0,19,65,73.046630859375,443.9066162109375,81.91219329833984,False,True,0,38
3073,Cube,0.0,20,65,16.103639602661133,383.491943359375,106.83745574951172,False,True,0,20
3073,Cube,0.0,21,65,76.21613311767578,348.7385559082031,84.20536804199219,False,True,0,52
3073,Cube,0.0,22,65,2.2414021492004395,500.90423583984375,145.0379180908203,False,True,0,30
3073,Cube,0.0,23,65,91.72801971435547,534.2713623046875,155.53997802734375,False,True,0,32
3073,Cube,0.0,24,65,11.121837615966797,298.1823425292969,81.66313171386719,False,True,0,36
3073,Cube,0.0,25,65,36.376243591308594,125.61251831054688,32.47116470336914,False,False,0,0
3073,Cube,0.0,26,65,13.209883689880371,227.3657989501953,40.25456619262695,False,True,0,58
3073,Cube,0.0,27,65,19.328418731689453,450.61029052734375,120.05171203613281,False,True,0,9
3073,Cube,0.0,28,65,38.17683410644531,475.1891784667969,150.63955688476562,False,True,0,18
3073,Cube,0.0,29,65,80.45701599121094,378.66461181640625,76.88395690917969,False,True,0,52
3073,Cube,0.0,30,65,108.06797790527344,427.2153625488281,51.162410736083984,False,True,0,44
3073,Cube,0.0,31,65,96.97862243652344,356.137451171875,84.18830108642578,False,True,0,55
3073,Cube,0.0,32,65,61.88429260253906,365.63238525390625,83.65718078613281,False,True,0,34
3073,Cube,0.0,33,65,8.514810562133789,403.99517822265625,83.28813171386719,False,True,0,49
3073,Cube,0.0,34,65,260.8796081542969,389.0571594238281,70.19291687011719,False,True,0,9
3073,Cube,0.0,35,65,25.65283966064453,476.91192626953125,127.62774658203125,False,True,0,5
3073,Cube,0.0,36,65,145.17662048339844,322.0268859863281,61.00246810913086,False,True,0,5
3073,Cube,0.0,37,65,175.8976593017578,349.95916748046875,67.47584533691406,False,True,0,24
3073,Cube,0.0,38,65,38.1096305847168,292.3138122558594,69.595947265625,False,False,0,0
3073,Cube,0.0,39,65,251.2764129638672,454.1455078125,83.55387878417969,False,True,0,4
3073,Cube,0.0,40,65,62.98416519165039,260.3746032714844,94.25745391845703,False,True,0,13
3073,Cube,0.0,41,65,54.51380157470703,334.5559387207031,68.42098236083984,False,True,0,46
3073,Cube,0.0,42,65,222.20892333984375,457.65704345703125,69.58827209472656,False,True,0,27
3073,Cube,0.0,43,65,74.71903991699219,367.37713623046875,97.77901458740234,False,True,0,32
3073,Cube,0.0,44,65,116.11962127685547,360.10589599609375,86.61114501953125,False,True,0,55
3073,Cube,0.0,45,65,66.570556640625,398.21405029296875,90.76409149169922,False,True,0,55
3073,Cube,0.0,46,65,24.859329223632812,371.5242004394531,119.4988784790039,False,True,0,53
3073,Cube,0.0,47,65,156.5193328857422,368.8324890136719,124.71349334716797,False,True,0,35
3073,Cube,0.0,48,65,89.14063262939453,373.7194519042969,77.78089904785156,False,True,0,43
3073,Cube,0.0,49,65,74.0917739868164,516.935791015625,134.63609313964844,False,True,0,7
3073,Cube,0.0,50,65,82.0444107055664,400.6051330566406,95.8412857055664,False,True,0,54
3073,Cube,0.0,51,65,200.7157440185547,300.36639404296875,78.66765594482422,False,True,0,46
3073,Cube,0.0,52,65,177.64630126953125,525.352783203125,117.19349670410156,False,True,0,40
3073,Cube,0.0,53,65,242.47193908691406,201.23133850097656,27.105985641479492,False,True,0,22
3073,Cube,0.0,54,65,271.1218566894531,454.9825744628906,94.76713562011719,False,True,0,19
3073,Cube,0.0,55,65,36.93124771118164,537.2520751953125,137.43540954589844,False,True,0,36
3073,Cube,0.0,56,65,27.76327133178711,349.55865478515625,125.43338775634766,False,True,0,17
3073,Cube,0.0,57,65,30.91004753112793,429.6944580078125,99.49114227294922,False,True,0,43
3073,Cube,0.0,58,65,126.81348419189453,409.5823974609375,64.41695404052734,False,True,0,60
3073,Cube,0.0,59,65,8.573765754699707,419.469970703125,179.3432159423828,False,True,0,5
3073,Cube,0.0,60,65,64.67402648925781,166.97073364257812,66.58425903320312,False,True,0,56
3073,Cube,0.0,61,65,243.36949157714844,329.5810241699219,53.10798645019531,False,True,0,23
3073,Cube,0.0,62,65,41.519920349121094,369.80035400390625,107.03657531738281,False,True,0,19
3073,Cube,0.0,63,65,78.53680419921875,361.2272644042969,89.88330841064453,False,True,0,44
3073,Cube,0.0,64,65,51.12635040283203,518.931640625,114.29957580566406,False,True,0,46
3073,Cube,0.0,65,65,111.68073272705078,391.7806091308594,55.52948760986328,False,True,0,54
3073,Cube,0.0,66,65,72.64012145996094,246.728271484375,63.340415954589844,False,True,0,43
3073,Cube,0.0,67,65,75.50059509277344,311.72601318359375,118.7845230102539,False,True,0,9
3073,Cube,0.0,68,65,37.47582244873047,410.83990478515625,120.00603485107422,False,True,0,29
3073,Cube,0.0,69,65,230.0839080810547,412.1833801269531,75.02024841308594,False,True,0,49
3073,Cube,0.0,70,65,33.77101135253906,231.0699005126953,51.497154235839844,False,False,0,0
3073,Cube,0.0,71,65,187.34762573242188,229.67913818359375,45.233943939208984,False,True,0,5
3073,Cube,0.0,72,65,49.34330749511719,419.76007080078125,113.02970123291016,False,True,0,43
3073,Cube,0.0,73,65,13.021936416625977,476.34161376953125,223.1590576171875,False,True,0,5
3073,Cube,0.0,74,65,295.65264892578125,398.69036865234375,74.25022888183594,False,True,0,31
3073,Cube,0.0,75,65,73.29872131347656,250.62548828125,61.87012481689453,False,True,0,45
3073,Cube,0.0,76,65,45.207237243652344,426.74029541015625,126.26116180419922,False,True,0,52
3073,Cube,0.0,77,65,14.352538108825684,235.95663452148438,65.83212280273438,False,True,0,24
3073,Cube,0.0,78,65,150.7017059326172,373.7058410644531,83.70748138427734,False,True,0,57
3073,Cube,0.0,79,65,30.5112247467041,420.509033203125,129.06613159179688,False,True,0,35
3073,Cube,0.0,80,65,52.79213333129883,164.76434326171875,53.95235061645508,False,True,0,45
3073,Cube,0.0,81,65,61.53118896484375,379.3902587890625,77.32798767089844,False,True,0,64
3073,Cube,0.0,82,65,15.552477836608887,408.5408020019531,124.55264282226562,False,True,0,53
3073,Cube,0.0,83,65,266.2663879394531,446.5851135253906,74.44625091552734,False,True,0,34
3073,Cube,0.0,84,65,44.995643615722656,405.817626953125,93.72711181640625,False,True,0,60
3073,Cube,0.0,85,65,203.07916259765625,359.8678283691406,76.64958190917969,False,True,0,52
3073,Cube,0.0,86,65,54.53618621826172,479.42254638671875,179.05230712890625,False,True,0,32
3073,Cube,0.0,87,65,148.79925537109375,397.9710693359375,55.217750549316406,False,True,0,3
3073,Cube,0.0,88,65,128.24729919433594,394.47613525390625,104.69961547851562,False,True,0,60
3073,Cube,0.0,89,65,188.84323120117188,399.8231201171875,71.69525909423828,False,True,0,27
3073,Cube,0.0,90,65,107.89678192138672,388.55987548828125,78.48477935791016,False,False,0,0
3073,Cube,0.0,91,65,177.72091674804688,260.18017578125,49.54784393310547,False,False,0,0
3073,Cube,0.0,92,65,24.86627197265625,356.4007568359375,88.0113754272461,False,True,0,6
3073,Cube,0.0,93,65,32.50539016723633,510.992431640625,181.92649841308594,False,True,0,44
3073,Cube,0.0,94,65,20.71569061279297,237.84510803222656,89.76728820800781,False,True,0,1
3073,Cube,0.0,95,65,7.047357559204102,223.42208862304688,69.65099334716797,False,True,0,7
3073,Cube,0.0,96,65,138.09576416015625,374.6805114746094,81.31891632080078,False,True,0,2
3073,Cube,0.0,97,65,4.655437469482422,357.9810791015625,82.68492889404297,False,True,37,10
3073,Cube,0.0,98,65,30.033294677734375,412.8855285644531,125.6279525756836,False,True,0,4
3073,Cube,0.0,99,65,282.9306335449219,353.25714111328125,41.89385986328125,False,True,0,22
3073,Cube,0.08,0,65,11.622045516967773,4.01080322265625,0.7080597281455994,True,False,0,0
3073,Cube,0.08,1,65,34.493385314941406,6.5086669921875,1.912267804145813,True,False,0,0
3073,Cube,0.08,2,65,41.99836730957031,10.99151611328125,1.7024606466293335,True,False,0,0
3073,Cube,0.08,3,65,78.59568786621094,13.838165283203125,3.5054540634155273,True,False,0,0
3073,Cube,0.08,4,65,158.4083251953125,9.82562255859375,2.670898675918579,True,False,0,0
3073,Cube,0.08,5,65,20.48792839050293,14.98114013671875,3.583556890487671,False,False,0,0
3073,Cube,0.08,6,65,278.02587890625,5.540679931640625,0.816325306892395,True,False,0,0
3073,Cube,0.08,7,65,161.01788330078125,6.66851806640625,1.057734727859497,True,False,0,0
3073,Cube,0.08,8,65,136.30484008789062,20.888580322265625,3.8269219398498535,True,False,0,0
3073,Cube,0.08,9,65,20.613508224487305,7.682220458984375,2.065337657928467,True,False,0,0
3073,Cube,0.08,10,65,36.12966537475586,14.797088623046875,2.5039167404174805,True,False,0,0
3073,Cube,0.08,11,65,204.0077667236328,9.64849853515625,1.5783849954605103,True,False,0,0
3073,Cube,0.08,12,65,100.91260528564453,9.11767578125,2.0950965881347656,True,False,0,0
3073,Cube,0.08,13,65,65.01451873779297,12.088226318359375,1.2953118085861206,True,False,0,0
3073,Cube,0.08,14,65,242.56912231445312,5.270294189453125,0.9785225987434387,True,False,0,0
3073,Cube,0.08,15,65,297.0943298339844,12.047210693359375,2.1609530448913574,True,False,0,0
3073,Cube,0.08,16,65,264.2677307128906,3.658721923828125,0.9452933669090271,True,False,0,0
3073,Cube,0.08,17,65,28.72953987121582,24.447601318359375,5.686034202575684,False,False,0,0
3073,Cube,0.08,18,65,109.94940185546875,6.4113616943359375,2.1402089595794678,True,False,0,0
3073,Cube,0.08,19,65,66.38217163085938,4.881622314453125,1.3900316953659058,True,False,0,0
3073,Cube,0.08,20,65,17.537490844726562,17.258468627929688,3.365431547164917,False,False,0,0
3073,Cube,0.08,21,65,48.79871368408203,7.868896484375,1.5707740783691406,True,False,0,0
3073,Cube,0.08,22,65,4.795201301574707,8.705230712890625,2.3167872428894043,False,False,0,0
3073,Cube,0.08,23,65,83.46697235107422,8.44158935546875,1.5940614938735962,True,False,0,0
3073,Cube,0.08,24,65,3.697876453399658,13.418231964111328,2.588068962097168,False,False,0,0
3073,Cube,0.08,25,65,34.291473388671875,26.9163818359375,3.600430727005005,False,False,0,0
3073,Cube,0.08,26,65,9.319690704345703,8.14788818359375,1.6080513000488281,False,False,0,0
3073,Cube,0.08,27,65,41.16487121582031,3.3615341186523438,1.0628095865249634,True,False,0,0
3073,Cube,0.08,28,65,35.380096435546875,8.64373779296875,1.7878473997116089,True,False,0,0
3073,Cube,0.08,29,65,90.73157501220703,10.817436218261719,2.538970470428467,True,False,0,0
3073,Cube,0.08,30,65,170.3772735595703,7.176788330078125,1.798794150352478,True,False,0,0
3073,Cube,0.08,31,65,109.4605941772461,8.031036376953125,1.6891212463378906,True,False,0,0
3073,Cube,0.08,32,65,53.33477020263672,8.3697509765625,1.793669581413269,True,False,0,0
3073,Cube,0.08,33,65,40.49272155761719,6.58135986328125,1.4904736280441284,True,False,0,0
3073,Cube,0.08,34,65,257.5958557128906,7.04449462890625,2.0040600299835205,True,False,0,0
3073,Cube,0.08,35,65,8.33444595336914,15.48565673828125,2.9857914447784424,False,False,20,20
3073,Cube,0.08,36,65,152.8803253173828,1.4976043701171875,0.3186100721359253,True,False,0,0
3073,Cube,0.08,37,65,213.88131713867188,10.059906005859375,2.229607582092285,True,False,0,0
3073,Cube,0.08,38,65,30.872865676879883,7.205535888671875,1.5996437072753906,True,False,0,0
3073,Cube,0.08,39,65,257.27960205078125,1.87890625,0.5964171290397644,True,False,0,0
3073,Cube,0.08,40,65,94.08609008789062,15.319839477539062,3.7485415935516357,True,False,0,0
3073,Cube,0.08,41,65,63.76683807373047,7.83721923828125,1.753482699394226,True,False,0,0
3073,Cube,0.08,42,65,306.16656494140625,11.314544677734375,2.209141731262207,True,False,0,0
3073,Cube,0.08,43,65,61.022037506103516,7.383697509765625,1.3737151622772217,True,False,0,0
3073,Cube,0.08,44,65,160.27809143066406,2.877471923828125,0.7389829158782959,True,False,0,0
3073,Cube,0.08,45,65,65.50959777832031,13.988800048828125,3.581763982772827,True,False,0,0
3073,Cube,0.08,46,65,40.57294845581055,11.96551513671875,3.0272064208984375,True,False,0,0
3073,Cube,0.08,47,65,126.0938491821289,4.6865234375,1.241398572921753,True,False,0,0
3073,Cube,0.08,48,65,106.7271728515625,11.455787658691406,3.4679362773895264,True,False,0,0
3073,Cube,0.08,49,65,102.57887268066406,9.039108276367188,1.9107515811920166,True,False,0,0
3073,Cube,0.08,50,65,72.3345947265625,6.6891326904296875,1.8008025884628296,True,False,0,0
3073,Cube,0.08,51,65,232.59080505371094,9.79217529296875,2.6217293739318848,True,False,0,0
3073,Cube,0.08,52,65,205.79617309570312,8.962249755859375,2.0655100345611572,True,False,0,0
3073,Cube,0.08,53,65,298.15478515625,6.743408203125,0.9534314870834351,True,False,0,0
3073,Cube,0.08,54,65,292.9015197753906,4.27545166015625,1.1560845375061035,True,False,0,0
3073,Cube,0.08,55,65,46.29623794555664,4.765380859375,1.16796875,True,False,0,0
3073,Cube,0.08,56,65,36.75529098510742,5.7915191650390625,1.7895270586013794,True,False,0,0
3073,Cube,0.08,57,65,32.71075439453125,3.3450927734375,0.8885971307754517,True,False,0,0
3073,Cube,0.08,58,65,214.33615112304688,6.97442626953125,1.2749382257461548,True,False,0,0
3073,Cube,0.08,59,65,8.980175971984863,16.54083251953125,3.555109977722168,False,False,0,0
3073,Cube,0.08,60,65,22.040773391723633,5.3875732421875,1.1008110046386719,True,False,0,0
3073,Cube,0.08,61,65,294.4183349609375,8.404571533203125,1.5108625888824463,True,False,0,0
3073,Cube,0.08,62,65,70.85669708251953,3.686248779296875,1.1891833543777466,True,False,0,0
3073,Cube,0.08,63,65,102.42815399169922,11.480461120605469,2.5596840381622314,True,False,0,0
3073,Cube,0.08,64,65,109.5204086303711,25.797088623046875,4.917846202850342,True,False,0,0
3073,Cube,0.08,65,65,40.541107177734375,17.196197509765625,4.0796122550964355,True,False,0,0
3073,Cube,0.08,66,65,59.485816955566406,14.382568359375,5.002280235290527,True,False,0,0
3073,Cube,0.08,67,65,57.35411071777344,36.055908203125,2.916354179382324,False,False,0,0
3073,Cube,0.08,68,65,22.1585636138916,10.15447998046875,2.0258960723876953,True,False,0,0
3073,Cube,0.08,69,65,250.72543334960938,4.477996826171875,1.165509581565857,True,False,0,0
3073,Cube,0.08,70,65,45.54985809326172,1.1888656616210938,0.24242612719535828,True,False,0,0
3073,Cube,0.08,71,65,169.61141967773438,5.191558837890625,0.877328634262085,True,False,0,0
3073,Cube,0.08,72,65,26.03234100341797,16.912216186523438,4.545705795288086,False,False,0,0
3073,Cube,0.08,73,65,8.092995643615723,12.537689208984375,1.9891648292541504,False,False,0,0
3073,Cube,0.08,74,65,298.51019287109375,11.7952880859375,1.8146783113479614,True,False,0,0
3073,Cube,0.08,75,65,45.60904312133789,17.756317138671875,3.1428959369659424,True,False,0,0
3073,Cube,0.08,76,65,70.71315002441406,6.085357666015625,1.8583855628967285,True,False,0,0
3073,Cube,0.08,77,65,26.16965675354004,13.10589599609375,3.884000778198242,False,False,0,0
3073,Cube,0.08,78,65,107.1656494140625,4.1962890625,1.523924708366394,True,False,0,0
3073,Cube,0.08,79,65,28.010324478149414,7.4523468017578125,2.2907137870788574,True,False,0,0
3073,Cube,0.08,80,65,29.941911697387695,17.75531005859375,3.5242981910705566,False,False,0,0
3073,Cube,0.08,81,65,100.32527160644531,5.054718017578125,1.3418428897857666,True,False,0,0
3073,Cube,0.08,82,65,24.093639373779297,25.320068359375,4.656365394592285,False,False,0,0
3073,Cube,0.08,83,65,297.7345886230469,10.56610107421875,1.3401557207107544,True,False,0,0
3073,Cube,0.08,84,65,75.08934783935547,4.7126007080078125,1.1278733015060425,True,False,0,0
3073,Cube,0.08,85,65,163.03353881835938,3.889892578125,0.8853450417518616,True,False,0,0
3073,Cube,0.08,86,65,45.605140686035156,27.159011840820312,3.048611640930176,False,False,0,0
3073,Cube,0.08,87,65,170.39630126953125,6.80914306640625,1.8755234479904175,True,False,0,0
3073,Cube,0.08,88,65,95.6994400024414,12.878173828125,2.7185275554656982,True,False,0,0
3073,Cube,0.08,89,65,173.361083984375,5.6576690673828125,1.3838104009628296,True,False,0,0
3073,Cube,0.08,90,65,113.4375228881836,23.001556396484375,4.997408866882324,True,False,0,0
3073,Cube,0.08,91,65,120.44043731689453,15.096893310546875,2.4653823375701904,True,False,0,0
3073,Cube,0.08,92,65,41.975799560546875,8.752853393554688,2.050226926803589,True,False,0,0
3073,Cube,0.08,93,65,32.26898956298828,9.41754150390625,2.5628910064697266,True,False,0,0
3073,Cube,0.08,94,65,17.37015151977539,13.13983154296875,2.790315628051758,False,False,0,0
3073,Cube,0.08,95,65,0.06678962707519531,11.36163330078125,1.635227084159851,False,False,56,56
3073,Cube,0.08,96,65,138.29718017578125,16.488311767578125,4.568999767303467,True,False,0,0
3073,Cube,0.08,97,65,54.725406646728516,12.499176025390625,3.884997606277466,True,False,37,37
3073,Cube,0.08,98,65,12.779596328735352,5.6728363037109375,0.9563429951667786,True,False,0,0
3073,Cube,0.08,99,65,293.73193359375,3.766357421875,0.8307672739028931,True,False,0,0
3074,TwoRoom,0.0,0,65,60.355308532714844,72.322265625,7.955117702484131,False,False,0,0
3074,TwoRoom,0.0,1,65,57.9520149230957,335.181396484375,59.07263946533203,False,True,0,2
3074,TwoRoom,0.0,2,65,261.6123046875,326.75103759765625,68.81900024414062,False,True,0,60
3074,TwoRoom,0.0,3,65,43.810081481933594,314.46240234375,39.10035705566406,False,True,0,2
3074,TwoRoom,0.0,4,65,231.91229248046875,133.52468872070312,29.23948860168457,False,False,0,0
3074,TwoRoom,0.0,5,65,47.10745620727539,349.5550231933594,75.40290069580078,False,True,0,41
3074,TwoRoom,0.0,6,65,224.98257446289062,310.8899230957031,52.621829986572266,False,True,0,19
3074,TwoRoom,0.0,7,65,305.5533447265625,122.35711669921875,35.73591613769531,True,False,0,0
3074,TwoRoom,0.0,8,65,5.809015274047852,222.1514434814453,25.2589111328125,False,True,33,0
3074,TwoRoom,0.0,9,65,68.04267120361328,335.6010437011719,34.39984893798828,False,True,0,23
3074,TwoRoom,0.0,10,65,0.06123638153076172,269.5941162109375,92.53987121582031,False,True,47,15
3074,TwoRoom,0.0,11,65,216.75311279296875,260.8867492675781,86.0618667602539,False,False,0,0
3074,TwoRoom,0.0,12,65,8.32380485534668,315.8368225097656,30.62298583984375,False,True,0,26
3074,TwoRoom,0.0,13,65,121.57823944091797,327.0093994140625,81.53197479248047,False,True,0,4
3074,TwoRoom,0.0,14,65,57.43824005126953,547.619873046875,168.44625854492188,False,True,0,8
3074,TwoRoom,0.0,15,65,179.6067352294922,369.4095458984375,67.26734161376953,False,True,0,27
3074,TwoRoom,0.0,16,65,203.58230590820312,202.73129272460938,38.616519927978516,False,True,0,36
3074,TwoRoom,0.0,17,65,27.345718383789062,349.56964111328125,85.58474731445312,False,True,30,18
3074,TwoRoom,0.0,18,65,70.77364349365234,300.6088562011719,33.52857208251953,False,True,0,24
3074,TwoRoom,0.0,19,65,2.0818843841552734,429.83538818359375,95.71234893798828,False,True,0,53
3074,TwoRoom,0.0,20,65,302.6380615234375,142.7850341796875,31.6971378326416,True,False,0,0
3074,TwoRoom,0.0,21,65,109.86332702636719,94.48800659179688,13.569289207458496,False,False,0,0
3074,TwoRoom,0.0,22,65,44.90972137451172,551.9258422851562,161.51046752929688,False,True,0,1
3074,TwoRoom,0.0,23,65,26.97124481201172,432.814453125,62.10811996459961,False,True,0,40
3074,TwoRoom,0.0,24,65,10.181822776794434,256.7860107421875,52.199893951416016,False,True,0,36
3074,TwoRoom,0.0,25,65,192.927490234375,426.06707763671875,49.29957962036133,False,True,0,33
3074,TwoRoom,0.0,26,65,189.7137451171875,481.5747375488281,73.16405487060547,False,True,0,49
3074,TwoRoom,0.0,27,65,11.606948852539062,276.51190185546875,23.809274673461914,False,True,0,54
3074,TwoRoom,0.0,28,65,299.79425048828125,499.0480041503906,137.06478881835938,False,True,0,8
3074,TwoRoom,0.0,29,65,15.466623306274414,230.8571014404297,31.93302345275879,False,True,0,61
3074,TwoRoom,0.0,30,65,303.3655700683594,443.39898681640625,55.76400375366211,False,True,0,31
3074,TwoRoom,0.0,31,65,172.03262329101562,194.38076782226562,26.96327781677246,False,True,0,52
3074,TwoRoom,0.0,32,65,198.76657104492188,32.88307189941406,6.083508491516113,True,False,0,0
3074,TwoRoom,0.0,33,65,11.638423919677734,401.0408630371094,102.74168395996094,False,True,0,15
3074,TwoRoom,0.0,34,65,341.0457458496094,72.43801879882812,11.290313720703125,True,False,0,0
3074,TwoRoom,0.0,35,65,212.34271240234375,513.7054443359375,88.32600402832031,False,True,0,14
3074,TwoRoom,0.0,36,65,265.1942443847656,54.92877197265625,10.977346420288086,True,False,0,0
3074,TwoRoom,0.0,37,65,46.342079162597656,295.51446533203125,72.12210845947266,False,True,0,13
3074,TwoRoom,0.0,38,65,2.04327392578125,156.25494384765625,37.143959045410156,False,False,19,19
3074,TwoRoom,0.0,39,65,49.95798873901367,395.10931396484375,96.70164489746094,False,True,0,20
3074,TwoRoom,0.0,40,65,110.35869598388672,555.544921875,110.84272766113281,False,True,0,40
3074,TwoRoom,0.0,41,65,106.97270202636719,320.83001708984375,41.58205032348633,False,True,0,30
3074,TwoRoom,0.0,42,65,285.0682067871094,419.77294921875,22.04294204711914,False,True,0,41
3074,TwoRoom,0.0,43,65,313.7558288574219,582.1693115234375,112.29945373535156,False,True,0,43
3074,TwoRoom,0.0,44,65,272.22125244140625,433.5115966796875,60.044403076171875,False,True,0,6
3074,TwoRoom,0.0,45,65,287.831298828125,329.63775634765625,28.019332885742188,False,True,0,63
3074,TwoRoom,0.0,46,65,20.089839935302734,325.5486145019531,60.37094497680664,False,True,0,22
3074,TwoRoom,0.0,47,65,63.734344482421875,437.2170104980469,54.8945426940918,False,True,0,63
3074,TwoRoom,0.0,48,65,153.86297607421875,497.9864196777344,128.02427673339844,False,True,13,12
3074,TwoRoom,0.0,49,65,161.94386291503906,362.7881774902344,53.142120361328125,False,True,0,47
3074,TwoRoom,0.0,50,65,241.94261169433594,518.8734130859375,149.8886260986328,False,True,0,34
3074,TwoRoom,0.0,51,65,13.403732299804688,353.7350769042969,61.336116790771484,False,True,0,23
3074,TwoRoom,0.0,52,65,90.58167266845703,578.1780395507812,61.97455596923828,False,True,0,25
3074,TwoRoom,0.0,53,65,16.443939208984375,239.08041381835938,74.47525787353516,False,True,16,32
3074,TwoRoom,0.0,54,65,351.0826110839844,562.1195068359375,129.07130432128906,False,True,0,47
3074,TwoRoom,0.0,55,65,2.76638126373291,388.38494873046875,136.93460083007812,False,True,33,2
3074,TwoRoom,0.0,56,65,111.23802947998047,491.0041809082031,165.93734741210938,False,True,0,5
3074,TwoRoom,0.0,57,65,205.67691040039062,277.25091552734375,39.59905242919922,False,True,0,45
3074,TwoRoom,0.0,58,65,198.37673950195312,157.44390869140625,20.019817352294922,False,False,0,0
3074,TwoRoom,0.0,59,65,116.75401306152344,600.6702880859375,156.54019165039062,False,True,0,41
3074,TwoRoom,0.0,60,65,218.59767150878906,25.117645263671875,5.181516170501709,True,False,0,0
3074,TwoRoom,0.0,61,65,79.87385559082031,291.5809631347656,41.68397903442383,False,True,0,22
3074,TwoRoom,0.0,62,65,45.02622604370117,680.2025146484375,159.41815185546875,False,True,0,57
3074,TwoRoom,0.0,63,65,214.52398681640625,266.11383056640625,24.10024642944336,False,True,0,26
3074,TwoRoom,0.0,64,65,176.17982482910156,151.96890258789062,27.558671951293945,False,True,0,39
3074,TwoRoom,0.0,65,65,2.8760695457458496,369.5340270996094,70.4516830444336,False,True,29,34
3074,TwoRoom,0.0,66,65,113.68340301513672,606.16162109375,122.01821899414062,False,True,0,63
3074,TwoRoom,0.0,67,65,181.5040740966797,335.9183349609375,42.09025573730469,False,True,0,48
3074,TwoRoom,0.0,68,65,332.12457275390625,381.7275390625,114.0562744140625,False,True,0,8
3074,TwoRoom,0.0,69,65,294.95928955078125,581.2034301757812,136.6388702392578,False,True,0,19
3074,TwoRoom,0.0,70,65,1.7187581062316895,285.3418884277344,79.29134368896484,False,True,0,18
3074,TwoRoom,0.0,71,65,287.202392578125,422.85919189453125,60.98722839355469,False,True,0,18
3074,TwoRoom,0.0,72,65,87.16033172607422,465.5501708984375,116.58090209960938,False,True,0,2
3074,TwoRoom,0.0,73,65,80.1068344116211,351.8749084472656,69.88289642333984,False,True,0,57
3074,TwoRoom,0.0,74,65,218.30235290527344,204.92710876464844,29.624982833862305,False,True,0,29
3074,TwoRoom,0.0,75,65,286.31475830078125,406.4327697753906,34.114036560058594,False,True,0,43
3074,TwoRoom,0.0,76,65,11.770193099975586,128.3258056640625,19.999921798706055,False,False,0,0
3074,TwoRoom,0.0,77,65,293.3901062011719,280.23785400390625,60.51641845703125,False,False,0,0
3074,TwoRoom,0.0,78,65,275.42633056640625,432.81231689453125,56.12886047363281,False,True,0,30
3074,TwoRoom,0.0,79,65,130.10626220703125,321.99609375,71.19294738769531,False,True,0,6
3074,TwoRoom,0.0,80,65,7.5789794921875,458.9012145996094,127.88656616210938,False,True,24,30
3074,TwoRoom,0.0,81,65,148.20472717285156,275.1695556640625,52.42692947387695,False,True,0,47
3074,TwoRoom,0.0,82,65,13.620979309082031,321.12030029296875,70.28828430175781,False,True,0,53
3074,TwoRoom,0.0,83,65,189.28172302246094,469.32293701171875,132.28482055664062,False,True,0,1
3074,TwoRoom,0.0,84,65,142.5514373779297,319.2416076660156,66.35283660888672,False,True,0,49
3074,TwoRoom,0.0,85,65,57.51233673095703,127.37833404541016,15.428528785705566,False,False,0,0
3074,TwoRoom,0.0,86,65,252.14187622070312,509.03424072265625,145.7765655517578,False,True,0,9
3074,TwoRoom,0.0,87,65,303.8122253417969,375.6853942871094,65.55827331542969,False,True,0,12
3074,TwoRoom,0.0,88,65,39.65618133544922,408.0435791015625,94.81532287597656,False,True,0,59
3074,TwoRoom,0.0,89,65,209.18405151367188,289.8038024902344,32.174781799316406,False,True,0,48
3074,TwoRoom,0.0,90,65,153.3576202392578,257.8272705078125,69.79254913330078,False,False,0,0
3074,TwoRoom,0.0,91,65,87.70899200439453,105.80328369140625,21.343053817749023,False,True,0,54
3074,TwoRoom,0.0,92,65,202.57252502441406,348.63897705078125,93.2768783569336,False,True,0,17
3074,TwoRoom,0.0,93,65,216.45816040039062,196.19921875,31.088863372802734,False,False,0,0
3074,TwoRoom,0.0,94,65,18.60843276977539,215.17620849609375,62.233497619628906,False,True,24,40
3074,TwoRoom,0.0,95,65,85.30386352539062,401.953369140625,47.5886344909668,False,True,0,46
3074,TwoRoom,0.0,96,65,306.35150146484375,553.718505859375,91.41039276123047,False,True,0,2
3074,TwoRoom,0.0,97,65,266.94952392578125,436.54315185546875,59.98711013793945,False,True,0,21
3074,TwoRoom,0.0,98,65,9.177581787109375,447.05035400390625,64.69805908203125,False,True,13,63
3074,TwoRoom,0.0,99,65,21.336944580078125,509.1211242675781,109.80735778808594,False,True,0,29
3074,TwoRoom,0.08,0,65,31.778963088989258,10.205333709716797,0.837007462978363,True,False,0,0
3074,TwoRoom,0.08,1,65,29.474956512451172,16.226531982421875,1.9492136240005493,False,False,0,0
3074,TwoRoom,0.08,2,65,236.58743286132812,10.284576416015625,1.2334997653961182,True,False,0,0
3074,TwoRoom,0.08,3,65,139.4376220703125,22.923019409179688,1.8977073431015015,True,False,0,0
3074,TwoRoom,0.08,4,65,245.80360412597656,12.64300537109375,2.4012861251831055,True,False,0,0
3074,TwoRoom,0.08,5,65,53.03296661376953,58.022796630859375,3.162936210632324,False,False,0,0
3074,TwoRoom,0.08,6,65,166.0391845703125,4.6277008056640625,0.9459913969039917,True,False,0,0
3074,TwoRoom,0.08,7,65,345.99176025390625,1.700439453125,0.3804550766944885,True,False,0,0
3074,TwoRoom,0.08,8,65,6.473385810852051,17.70751953125,3.0667054653167725,False,False,0,0
3074,TwoRoom,0.08,9,65,54.14423370361328,7.145530700683594,0.453176885843277,True,False,0,0
3074,TwoRoom,0.08,10,65,14.589292526245117,4.375640869140625,0.6032067537307739,True,False,7,7
3074,TwoRoom,0.08,11,65,333.3370666503906,7.319091796875,1.9319502115249634,True,False,0,0
3074,TwoRoom,0.08,12,65,32.40073776245117,30.010116577148438,3.106553316116333,False,False,0,0
3074,TwoRoom,0.08,13,65,112.29347229003906,7.009368896484375,1.0542497634887695,True,False,0,0
3074,TwoRoom,0.08,14,65,27.07664680480957,72.3839111328125,4.380553245544434,False,False,0,0
3074,TwoRoom,0.08,15,65,232.50588989257812,2.17047119140625,0.45758405327796936,True,False,0,0
3074,TwoRoom,0.08,16,65,247.64952087402344,2.852592945098877,0.2511109709739685,True,False,0,0
3074,TwoRoom,0.08,17,65,82.77627563476562,7.646209716796875,0.9268470406532288,True,False,30,30
3074,TwoRoom,0.08,18,65,88.68781280517578,26.966140747070312,2.6457462310791016,True,False,0,0
3074,TwoRoom,0.08,19,65,2.383883476257324,29.47686767578125,4.201526641845703,False,False,46,46
3074,TwoRoom,0.08,20,65,201.62002563476562,6.81195068359375,1.0708410739898682,True,False,0,0
3074,TwoRoom,0.08,21,65,88.16448974609375,4.78936767578125,0.8234185576438904,True,False,0,0
3074,TwoRoom,0.08,22,65,10.204439163208008,9.390106201171875,1.8471641540527344,False,False,0,0
3074,TwoRoom,0.08,23,65,32.44489288330078,13.7921142578125,1.6694371700286865,True,False,0,0
3074,TwoRoom,0.08,24,65,0.4906005859375,128.20913696289062,10.043684005737305,False,True,22,0
3074,TwoRoom,0.08,25,65,261.4634094238281,4.92364501953125,1.1876829862594604,True,False,0,0
3074,TwoRoom,0.08,26,65,213.6146697998047,4.110321044921875,0.7108920812606812,True,False,0,0
3074,TwoRoom,0.08,27,65,1.6620635986328125,40.094635009765625,2.4749772548675537,False,False,0,0
3074,TwoRoom,0.08,28,65,232.78123474121094,9.0789794921875,2.21616268157959,True,False,0,0
3074,TwoRoom,0.08,29,65,19.260923385620117,27.081260681152344,2.9514949321746826,False,False,0,0
3074,TwoRoom,0.08,30,65,330.46441650390625,19.031707763671875,3.414067506790161,True,False,0,0
3074,TwoRoom,0.08,31,65,117.67847442626953,9.515472412109375,1.5755016803741455,True,False,0,0
3074,TwoRoom,0.08,32,65,192.4892120361328,15.34844970703125,1.8944271802902222,True,False,0,0
3074,TwoRoom,0.08,33,65,7.4961700439453125,5.124542236328125,1.0151313543319702,False,False,0,0
3074,TwoRoom,0.08,34,65,174.2425994873047,144.79818725585938,11.074333190917969,False,False,0,0
3074,TwoRoom,0.08,35,65,58.84258270263672,25.386337280273438,2.742015838623047,True,False,0,0
3074,TwoRoom,0.08,36,65,265.53826904296875,7.65435791015625,1.135105848312378,True,False,0,0
3074,TwoRoom,0.08,37,65,14.500747680664062,2.01373291015625,0.3890441954135895,True,False,0,0
3074,TwoRoom,0.08,38,65,6.5153656005859375,24.407562255859375,2.6265876293182373,False,False,19,19
3074,TwoRoom,0.08,39,65,8.282526016235352,14.157989501953125,1.158669352531433,False,False,0,0
3074,TwoRoom,0.08,40,65,202.7039337158203,10.40533447265625,2.4492616653442383,True,False,0,0
3074,TwoRoom,0.08,41,65,87.63887786865234,17.6424560546875,2.4342517852783203,True,False,0,0
3074,TwoRoom,0.08,42,65,309.431884765625,3.999267578125,1.00948166847229,True,False,0,0
3074,TwoRoom,0.08,43,65,302.29364013671875,20.80328369140625,1.345547080039978,True,False,0,0
3074,TwoRoom,0.08,44,65,266.97930908203125,7.758819580078125,1.103842854499817,True,False,0,0
3074,TwoRoom,0.08,45,65,260.6240539550781,6.96868896484375,1.4300537109375,True,False,0,0
3074,TwoRoom,0.08,46,65,19.215930938720703,17.0693359375,3.1373913288116455,False,False,0,0
3074,TwoRoom,0.08,47,65,30.41935920715332,2.265228271484375,0.5270400047302246,True,False,0,0
3074,TwoRoom,0.08,48,65,66.59170532226562,27.91650390625,3.306079149246216,True,False,13,13
3074,TwoRoom,0.08,49,65,126.5175552368164,7.0112762451171875,0.746000349521637,True,False,0,0
3074,TwoRoom,0.08,50,65,174.88409423828125,18.77764892578125,2.2460708618164062,True,False,0,0
3074,TwoRoom,0.08,51,65,52.463165283203125,175.751708984375,6.885766506195068,False,False,0,0
3074,TwoRoom,0.08,52,65,30.516807556152344,4.87017822265625,0.7976507544517517,True,False,0,0
3074,TwoRoom,0.08,53,65,20.425567626953125,20.844444274902344,1.8420002460479736,False,True,25,16
3074,TwoRoom,0.08,54,65,318.0985412597656,31.316253662109375,2.799210786819458,True,False,0,0
3074,TwoRoom,0.08,55,65,1.3013708591461182,12.803802490234375,1.9657312631607056,False,False,0,0
3074,TwoRoom,0.08,56,65,85.34294128417969,8.284255981445312,1.1976674795150757,True,False,0,0
3074,TwoRoom,0.08,57,65,198.07443237304688,3.486501693725586,0.6678789854049683,True,False,0,0
3074,TwoRoom,0.08,58,65,182.67942810058594,2.7339859008789062,0.21590353548526764,True,False,0,0
3074,TwoRoom,0.08,59,65,60.69618606567383,13.21588134765625,1.8852616548538208,True,False,0,0
3074,TwoRoom,0.08,60,65,187.24632263183594,5.1922607421875,0.7425661683082581,True,False,0,0
3074,TwoRoom,0.08,61,65,15.868953704833984,23.610984802246094,3.371737241744995,False,False,41,41
3074,TwoRoom,0.08,62,65,5.039670944213867,15.205352783203125,3.7293663024902344,False,False,0,0
3074,TwoRoom,0.08,63,65,195.37269592285156,14.200332641601562,2.2478909492492676,True,False,0,0
3074,TwoRoom,0.08,64,65,136.97291564941406,11.872955322265625,2.0045523643493652,True,False,0,0
3074,TwoRoom,0.08,65,65,9.328361511230469,33.66802978515625,3.710752248764038,False,True,0,29
3074,TwoRoom,0.08,66,65,115.90740966796875,7.99951171875,2.0391201972961426,True,False,0,0
3074,TwoRoom,0.08,67,65,267.4305114746094,10.770355224609375,1.639972448348999,True,False,0,0
3074,TwoRoom,0.08,68,65,293.9654235839844,122.4266357421875,4.0376386642456055,True,False,0,0
3074,TwoRoom,0.08,69,65,206.71023559570312,64.724853515625,2.166958808898926,True,False,0,0
3074,TwoRoom,0.08,70,65,5.0797905921936035,8.50244140625,1.9513821601867676,False,False,58,58
3074,TwoRoom,0.08,71,65,241.7999725341797,158.49813842773438,4.101841449737549,False,False,0,0
3074,TwoRoom,0.08,72,65,118.86710357666016,12.766471862792969,2.4975156784057617,True,False,0,0
3074,TwoRoom,0.08,73,65,86.53504180908203,16.61712646484375,1.0990186929702759,True,False,0,0
3074,TwoRoom,0.08,74,65,245.79885864257812,4.3392333984375,0.8615216016769409,True,False,0,0
3074,TwoRoom,0.08,75,65,286.0880432128906,4.60626220703125,0.8651137948036194,True,False,0,0
3074,TwoRoom,0.08,76,65,26.60417938232422,44.708534240722656,2.8452835083007812,False,False,0,0
3074,TwoRoom,0.08,77,65,267.2956848144531,8.965545654296875,1.0565241575241089,True,False,0,0
3074,TwoRoom,0.08,78,65,252.82427978515625,5.75469970703125,1.3384777307510376,True,False,0,0
3074,TwoRoom,0.08,79,65,204.08917236328125,14.393936157226562,1.538967251777649,True,False,0,0
3074,TwoRoom,0.08,80,65,73.79286193847656,4.33990478515625,0.7706238031387329,True,False,25,25
3074,TwoRoom,0.08,81,65,118.78887939453125,4.491241455078125,0.7096236944198608,True,False,0,0
3074,TwoRoom,0.08,82,65,21.179485321044922,22.342926025390625,2.3609628677368164,False,False,0,0
3074,TwoRoom,0.08,83,65,65.04266357421875,6.19000244140625,1.3787516355514526,True,False,0,0
3074,TwoRoom,0.08,84,65,116.51698303222656,17.425369262695312,2.007976531982422,True,False,0,0
3074,TwoRoom,0.08,85,65,36.50941467285156,33.529541015625,3.487959384918213,False,False,0,0
3074,TwoRoom,0.08,86,65,211.7455291748047,8.941619873046875,1.6899603605270386,True,False,0,0
3074,TwoRoom,0.08,87,65,259.1193542480469,4.71990966796875,1.1352005004882812,True,False,0,0
3074,TwoRoom,0.08,88,65,318.4621276855469,12.917633056640625,3.776304244995117,True,False,0,0
3074,TwoRoom,0.08,89,65,202.3630828857422,43.121646881103516,4.011641025543213,True,False,0,0
3074,TwoRoom,0.08,90,65,187.76622009277344,20.688995361328125,1.1532398462295532,True,False,0,0
3074,TwoRoom,0.08,91,65,93.39973449707031,8.502586364746094,1.1926802396774292,True,False,0,0
3074,TwoRoom,0.08,92,65,106.7617416381836,11.30218505859375,1.7992087602615356,True,False,0,0
3074,TwoRoom,0.08,93,65,197.1273193359375,1.6880130767822266,0.38098111748695374,True,False,0,0
3074,TwoRoom,0.08,94,65,11.713916778564453,24.69964599609375,5.666329860687256,False,False,24,24
3074,TwoRoom,0.08,95,65,91.02029418945312,31.43048095703125,4.39307975769043,True,False,0,0
3074,TwoRoom,0.08,96,65,321.8546447753906,117.29681396484375,7.36850118637085,True,False,0,0
3074,TwoRoom,0.08,97,65,249.04443359375,11.07421875,1.3652992248535156,True,False,0,0
3074,TwoRoom,0.08,98,65,11.110825538635254,23.400665283203125,4.3817572593688965,False,False,13,13
3074,TwoRoom,0.08,99,65,3.440080165863037,34.46868896484375,8.910884857177734,False,False,0,0
3074,PushT,0.0,0,65,370.6569519042969,104.8477783203125,13.454938888549805,True,False,0,0
3074,PushT,0.0,1,65,12.660743713378906,439.6659240722656,177.23797607421875,False,True,0,4
3074,PushT,0.0,2,65,227.76828002929688,383.022705078125,62.31017303466797,False,True,0,17
3074,PushT,0.0,3,65,72.82792663574219,271.8236389160156,55.26724624633789,False,True,0,2
3074,PushT,0.0,4,65,102.900390625,309.10986328125,70.20147705078125,False,True,0,63
3074,PushT,0.0,5,65,140.40902709960938,327.98687744140625,45.36604309082031,False,True,0,3
3074,PushT,0.0,6,65,18.162742614746094,240.3397216796875,85.40818786621094,False,True,0,29
3074,PushT,0.0,7,65,130.46835327148438,391.7560119628906,84.41638946533203,False,True,0,56
3074,PushT,0.0,8,65,226.72616577148438,292.85626220703125,20.86554527282715,False,True,0,22
3074,PushT,0.0,9,65,183.43287658691406,251.9820098876953,29.19503402709961,False,True,0,5
3074,PushT,0.0,10,65,91.07994079589844,235.4894256591797,45.36083221435547,False,True,0,63
3074,PushT,0.0,11,65,85.26044464111328,345.5362548828125,80.16985321044922,False,True,0,62
3074,PushT,0.0,12,65,140.35874938964844,283.32818603515625,66.86827087402344,False,True,0,39
3074,PushT,0.0,13,65,1.4068012237548828,240.5941162109375,34.79446792602539,False,False,0,0
3074,PushT,0.0,14,65,17.20949363708496,157.1942138671875,41.40583419799805,False,True,0,59
3074,PushT,0.0,15,65,21.09358024597168,223.01138305664062,73.6285400390625,False,True,0,9
3074,PushT,0.0,16,65,34.81145095825195,403.82196044921875,91.30010223388672,False,False,55,55
3074,PushT,0.0,17,65,0.4760770797729492,163.25167846679688,86.74201965332031,False,True,29,41
3074,PushT,0.0,18,65,338.8503112792969,375.0589904785156,33.23160934448242,False,True,0,29
3074,PushT,0.0,19,65,177.0920867919922,338.072509765625,64.51254272460938,False,True,0,48
3074,PushT,0.0,20,65,58.49687957763672,260.77398681640625,78.14332580566406,False,True,0,9
3074,PushT,0.0,21,65,262.95269775390625,317.4853515625,57.938377380371094,False,True,0,49
3074,PushT,0.0,22,65,282.0653381347656,369.04510498046875,60.64008331298828,False,True,0,51
3074,PushT,0.0,23,65,292.8675537109375,284.8621826171875,35.37696075439453,False,True,0,35
3074,PushT,0.0,24,65,225.84732055664062,451.2992248535156,50.61228561401367,False,True,0,54
3074,PushT,0.0,25,65,180.62359619140625,295.4337158203125,101.4721450805664,False,True,0,30
3074,PushT,0.0,26,65,165.75015258789062,197.45547485351562,34.617733001708984,False,False,0,0
3074,PushT,0.0,27,65,42.333595275878906,38.95849609375,16.401290893554688,False,False,0,0
3074,PushT,0.0,28,65,175.39430236816406,352.35028076171875,49.123512268066406,False,True,0,30
3074,PushT,0.0,29,65,339.13836669921875,447.16876220703125,28.911911010742188,False,True,0,49
3074,PushT,0.0,30,65,203.50514221191406,274.0692443847656,66.48311614990234,False,True,0,12
3074,PushT,0.0,31,65,84.54280090332031,191.65834045410156,50.918426513671875,False,True,0,49
3074,PushT,0.0,32,65,181.7942352294922,350.77239990234375,67.15265655517578,False,True,0,27
3074,PushT,0.0,33,65,9.052276611328125,226.57040405273438,72.26715850830078,False,True,38,0
3074,PushT,0.0,34,65,9.083488464355469,216.2525177001953,63.91629409790039,False,True,17,12
3074,PushT,0.0,35,65,53.77723693847656,158.9436492919922,23.894453048706055,False,True,0,61
3074,PushT,0.0,36,65,368.0776672363281,53.279388427734375,20.680776596069336,True,False,0,0
3074,PushT,0.0,37,65,156.8052978515625,312.2629089355469,26.979116439819336,False,True,0,28
3074,PushT,0.0,38,65,85.21819305419922,331.22430419921875,44.284645080566406,False,True,0,10
3074,PushT,0.0,39,65,139.33096313476562,268.6167907714844,53.86668014526367,False,True,0,5
3074,PushT,0.0,40,65,5.33445930480957,129.42208862304688,17.99528694152832,False,False,0,0
3074,PushT,0.0,41,65,55.569339752197266,327.5462951660156,57.47515869140625,False,True,0,6
3074,PushT,0.0,42,65,68.2525634765625,249.64111328125,56.45063018798828,False,True,0,14
3074,PushT,0.0,43,65,3.630093574523926,211.75668334960938,37.98566818237305,False,False,0,0
3074,PushT,0.0,44,65,265.0647888183594,357.64373779296875,54.06337356567383,False,True,0,22
3074,PushT,0.0,45,65,280.27001953125,423.60040283203125,45.63770294189453,False,True,0,5
3074,PushT,0.0,46,65,190.06936645507812,272.407958984375,29.17156410217285,False,True,0,14
3074,PushT,0.0,47,65,220.65208435058594,267.9032287597656,32.66348648071289,False,True,0,2
3074,PushT,0.0,48,65,92.54095458984375,405.4423522949219,116.21966552734375,False,True,0,36
3074,PushT,0.0,49,65,190.15762329101562,313.5038757324219,62.07037353515625,False,True,0,39
3074,PushT,0.0,50,65,220.82606506347656,201.455078125,26.47168731689453,False,True,0,15
3074,PushT,0.0,51,65,224.70053100585938,332.3224792480469,66.43958282470703,False,True,0,3
3074,PushT,0.0,52,65,295.5472106933594,221.08111572265625,33.95758819580078,False,True,0,59
3074,PushT,0.0,53,65,95.45103454589844,393.82427978515625,65.37612915039062,False,True,0,33
3074,PushT,0.0,54,65,105.15711975097656,212.0467071533203,72.98291778564453,False,True,0,43
3074,PushT,0.0,55,65,273.81060791015625,409.99810791015625,50.39317321777344,False,True,0,4
3074,PushT,0.0,56,65,118.6943588256836,287.1339416503906,81.58850860595703,False,True,0,62
3074,PushT,0.0,57,65,142.7754364013672,281.0885009765625,53.6180419921875,False,True,0,56
3074,PushT,0.0,58,65,0.6923909187316895,180.87216186523438,41.387123107910156,False,True,0,24
3074,PushT,0.0,59,65,220.00804138183594,349.34381103515625,51.5517463684082,False,True,0,40
3074,PushT,0.0,60,65,25.384889602661133,239.7761688232422,50.132850646972656,False,True,12,50
3074,PushT,0.0,61,65,19.134288787841797,77.40187072753906,37.275917053222656,False,True,0,51
3074,PushT,0.0,62,65,0.7830619812011719,313.18536376953125,30.123737335205078,False,True,0,36
3074,PushT,0.0,63,65,85.61956787109375,445.4670715332031,59.92928695678711,False,True,0,53
3074,PushT,0.0,64,65,0.15384292602539062,142.73524475097656,97.36878204345703,False,True,39,40
3074,PushT,0.0,65,65,93.235595703125,117.20318603515625,29.915477752685547,False,True,0,56
3074,PushT,0.0,66,65,17.194725036621094,227.9765625,80.15901184082031,False,True,46,27
3074,PushT,0.0,67,65,48.10578918457031,215.97738647460938,22.468887329101562,False,False,0,0
3074,PushT,0.0,68,65,177.26417541503906,356.65924072265625,55.613285064697266,False,True,0,3
3074,PushT,0.0,69,65,251.03042602539062,370.84332275390625,47.43333053588867,False,True,0,24
3074,PushT,0.0,70,65,5.367942810058594,343.438232421875,43.739646911621094,False,True,0,19
3074,PushT,0.0,71,65,163.17575073242188,417.884033203125,103.82640075683594,False,True,0,53
3074,PushT,0.0,72,65,115.84262084960938,305.22381591796875,90.58216094970703,False,True,0,49
3074,PushT,0.0,73,65,221.16925048828125,232.88262939453125,34.177772521972656,False,True,0,15
3074,PushT,0.0,74,65,31.801118850708008,374.5116271972656,186.18209838867188,False,True,0,55
3074,PushT,0.0,75,65,151.6725616455078,234.3442840576172,81.92599487304688,False,True,0,59
3074,PushT,0.0,76,65,6.8903350830078125,201.32354736328125,35.649879455566406,False,True,29,51
3074,PushT,0.0,77,65,168.94927978515625,252.49560546875,33.373497009277344,False,True,0,49
3074,PushT,0.0,78,65,130.27980041503906,334.9034118652344,64.68131256103516,False,True,0,34
3074,PushT,0.0,79,65,42.364662170410156,155.83961486816406,33.567543029785156,False,True,0,53
3074,PushT,0.0,80,65,18.375354766845703,252.27096557617188,60.52159118652344,False,True,0,62
3074,PushT,0.0,81,65,147.00326538085938,352.2753601074219,85.2779312133789,False,True,0,49
3074,PushT,0.0,82,65,90.40963745117188,274.050048828125,88.90090942382812,False,True,0,30
3074,PushT,0.0,83,65,52.515281677246094,252.87774658203125,42.758480072021484,False,True,0,48
3074,PushT,0.0,84,65,217.57125854492188,242.3167724609375,54.88942337036133,False,True,0,19
3074,PushT,0.0,85,65,3.6790390014648438,201.97283935546875,72.44071197509766,False,True,14,57
3074,PushT,0.0,86,65,197.8480682373047,163.60916137695312,17.85502052307129,False,False,0,0
3074,PushT,0.0,87,65,178.15606689453125,320.8018798828125,45.93109893798828,False,True,0,9
3074,PushT,0.0,88,65,151.33619689941406,227.42459106445312,67.94252014160156,False,True,0,32
3074,PushT,0.0,89,65,318.6661071777344,449.06494140625,36.067386627197266,False,True,0,59
3074,PushT,0.0,90,65,149.57745361328125,262.680419921875,46.392677307128906,False,True,0,34
3074,PushT,0.0,91,65,171.50611877441406,486.8533935546875,48.87998580932617,False,True,0,55
3074,PushT,0.0,92,65,332.7768249511719,353.83978271484375,73.09309387207031,False,True,0,41
3074,PushT,0.0,93,65,60.684051513671875,69.68319702148438,42.256439208984375,False,False,0,0
3074,PushT,0.0,94,65,83.5018081665039,339.54754638671875,67.42345428466797,False,True,0,44
3074,PushT,0.0,95,65,172.91116333007812,315.831787109375,71.04077911376953,False,True,0,22
3074,PushT,0.0,96,65,8.359147071838379,112.61773681640625,43.36046600341797,False,True,0,63
3074,PushT,0.0,97,65,118.5930404663086,335.7391052246094,80.3929214477539,False,True,0,45
3074,PushT,0.0,98,65,158.78707885742188,400.7957458496094,48.383384704589844,False,True,0,41
3074,PushT,0.0,99,65,3.735675811767578,340.5640869140625,75.7722396850586,False,True,59,14
3074,PushT,0.08,0,65,386.939697265625,9.017303466796875,3.253455400466919,True,False,0,0
3074,PushT,0.08,1,65,22.662612915039062,36.05810546875,8.14141845703125,False,False,0,0
3074,PushT,0.08,2,65,238.63739013671875,20.833099365234375,1.902661919593811,True,False,0,0
3074,PushT,0.08,3,65,77.73966979980469,48.4215087890625,6.655570983886719,False,False,0,0
3074,PushT,0.08,4,65,123.82758331298828,14.287384033203125,4.375766277313232,True,False,0,0
3074,PushT,0.08,5,65,224.8043975830078,9.346786499023438,1.059249997138977,True,False,0,0
3074,PushT,0.08,6,65,205.4354705810547,35.348388671875,3.684375047683716,True,False,0,0
3074,PushT,0.08,7,65,198.29319763183594,70.08132934570312,5.480926036834717,True,False,0,0
3074,PushT,0.08,8,65,321.1595458984375,24.503997802734375,4.944723606109619,True,False,0,0
3074,PushT,0.08,9,65,184.79649353027344,7.40252685546875,1.5489518642425537,True,False,0,0
3074,PushT,0.08,10,65,138.14395141601562,27.636947631835938,2.960797071456909,True,False,0,0
3074,PushT,0.08,11,65,115.98990631103516,12.0345458984375,3.0148632526397705,True,False,0,0
3074,PushT,0.08,12,65,116.55096435546875,56.22311019897461,5.281057357788086,True,False,0,0
3074,PushT,0.08,13,65,21.48216438293457,8.949005126953125,1.9932565689086914,True,False,0,0
3074,PushT,0.08,14,65,50.753082275390625,3.3224334716796875,1.1321959495544434,True,False,0,0
3074,PushT,0.08,15,65,21.485851287841797,3.3564682006835938,0.7949649095535278,True,False,0,0
3074,PushT,0.08,16,65,14.606887817382812,41.272613525390625,4.792346477508545,False,False,55,55
3074,PushT,0.08,17,65,0.6570539474487305,4.32696533203125,1.329949140548706,False,False,52,52
3074,PushT,0.08,18,65,346.4507141113281,12.323333740234375,3.390676975250244,True,False,0,0
3074,PushT,0.08,19,65,193.10789489746094,3.61175537109375,0.7624050378799438,True,False,0,0
3074,PushT,0.08,20,65,46.00615692138672,9.31256103515625,2.236273765563965,True,False,0,0
3074,PushT,0.08,21,65,257.7322998046875,6.268829345703125,1.768269658088684,True,False,0,0
3074,PushT,0.08,22,65,299.32568359375,11.85723876953125,2.6136460304260254,True,False,0,0
3074,PushT,0.08,23,65,282.6563415527344,3.0894775390625,0.8131881952285767,True,False,0,0
3074,PushT,0.08,24,65,241.70782470703125,20.341197967529297,5.377040386199951,True,False,0,0
3074,PushT,0.08,25,65,120.12687683105469,64.49870300292969,16.418441772460938,False,False,0,0
3074,PushT,0.08,26,65,1.38812255859375,14.030670166015625,2.790165424346924,False,False,0,0
3074,PushT,0.08,27,65,37.36711120605469,26.094757080078125,5.20438289642334,False,False,0,0
3074,PushT,0.08,28,65,173.16021728515625,9.4483642578125,2.0237629413604736,True,False,0,0
3074,PushT,0.08,29,65,399.2310485839844,14.401092529296875,2.8656513690948486,True,False,0,0
3074,PushT,0.08,30,65,158.7139892578125,25.119171142578125,3.1031150817871094,True,False,0,0
3074,PushT,0.08,31,65,125.7914047241211,10.1798095703125,5.087647438049316,True,False,0,0
3074,PushT,0.08,32,65,180.33050537109375,8.04425048828125,2.6415860652923584,True,False,0,0
3074,PushT,0.08,33,65,2.9716644287109375,11.195037841796875,2.1526710987091064,False,False,38,38
3074,PushT,0.08,34,65,1.09820556640625,119.96656799316406,6.079019546508789,False,True,62,17
3074,PushT,0.08,35,65,86.61036682128906,26.086769104003906,2.206702470779419,True,False,0,0
3074,PushT,0.08,36,65,402.6896667480469,23.46270751953125,1.9182090759277344,True,False,0,0
3074,PushT,0.08,37,65,168.5118408203125,8.311798095703125,2.26450777053833,True,False,0,0
3074,PushT,0.08,38,65,158.09600830078125,8.87576675415039,1.8042480945587158,True,False,0,0
3074,PushT,0.08,39,65,208.78851318359375,52.816650390625,10.290151596069336,True,False,0,0
3074,PushT,0.08,40,65,0.3929100036621094,1.2310638427734375,0.5397540330886841,False,False,14,14
3074,PushT,0.08,41,65,22.748210906982422,22.687103271484375,1.6067416667938232,False,False,44,44
3074,PushT,0.08,42,65,65.93698120117188,14.282867431640625,4.413677215576172,True,False,0,0
3074,PushT,0.08,43,65,23.06755828857422,3.5436248779296875,1.5656898021697998,True,False,0,0
3074,PushT,0.08,44,65,298.6629333496094,6.977508544921875,1.7572803497314453,True,False,0,0
3074,PushT,0.08,45,65,274.0009765625,23.085723876953125,3.1484456062316895,True,False,0,0
3074,PushT,0.08,46,65,245.07594299316406,7.8558349609375,3.013896942138672,True,False,0,0
3074,PushT,0.08,47,65,113.85992431640625,4.58038330078125,2.0458781719207764,True,False,0,0
3074,PushT,0.08,48,65,88.25363159179688,11.540771484375,4.278164386749268,True,False,0,0
3074,PushT,0.08,49,65,289.1308898925781,9.98968505859375,2.3183884620666504,True,False,0,0
3074,PushT,0.08,50,65,252.06101989746094,3.647064208984375,0.7242108583450317,True,False,0,0
3074,PushT,0.08,51,65,289.6951599121094,15.67681884765625,2.6192448139190674,True,False,0,0
3074,PushT,0.08,52,65,296.67901611328125,5.587188720703125,2.4936749935150146,True,False,0,0
3074,PushT,0.08,53,65,109.66028594970703,9.73187255859375,1.7447659969329834,True,False,0,0
3074,PushT,0.08,54,65,155.15402221679688,115.86090087890625,6.868373870849609,False,False,0,0
3074,PushT,0.08,55,65,293.56634521484375,4.633941650390625,1.4577209949493408,True,False,0,0
3074,PushT,0.08,56,65,144.9083709716797,10.98529052734375,3.6874871253967285,True,False,0,0
3074,PushT,0.08,57,65,145.76246643066406,14.658401489257812,4.596595287322998,True,False,0,0
3074,PushT,0.08,58,65,0.8310651779174805,9.14849853515625,1.8275076150894165,False,False,41,41
3074,PushT,0.08,59,65,260.2446594238281,5.957763671875,2.1407289505004883,True,False,0,0
3074,PushT,0.08,60,65,25.447708129882812,113.69920349121094,5.185057640075684,False,True,12,0
3074,PushT,0.08,61,65,3.814305305480957,7.6521759033203125,1.3664075136184692,False,False,0,0
3074,PushT,0.08,62,65,2.646395683288574,10.83782958984375,2.849353313446045,False,False,0,0
3074,PushT,0.08,63,65,66.52916717529297,22.62646484375,4.027007579803467,True,False,0,0
3074,PushT,0.08,64,65,5.103017807006836,4.1828155517578125,1.418610692024231,False,False,59,59
3074,PushT,0.08,65,65,19.890350341796875,15.4759521484375,2.849729061126709,False,False,56,56
3074,PushT,0.08,66,65,43.243492126464844,25.27526092529297,4.4221673011779785,False,False,0,0
3074,PushT,0.08,67,65,1.3960723876953125,53.472930908203125,3.7905263900756836,False,True,0,18
3074,PushT,0.08,68,65,208.6487579345703,43.69115447998047,3.9980342388153076,True,False,0,0
3074,PushT,0.08,69,65,253.89990234375,5.28424072265625,1.2649048566818237,True,False,0,0
3074,PushT,0.08,70,65,76.83573913574219,32.18772888183594,4.433050155639648,True,False,0,0
3074,PushT,0.08,71,65,190.66700744628906,79.41641235351562,5.724508762359619,True,False,0,0
3074,PushT,0.08,72,65,141.4058380126953,11.7769775390625,4.5170745849609375,True,False,0,0
3074,PushT,0.08,73,65,315.0453186035156,6.347017288208008,1.514143705368042,True,False,0,0
3074,PushT,0.08,74,65,31.265727996826172,15.076753616333008,3.028557777404785,True,False,0,0
3074,PushT,0.08,75,65,73.53654479980469,29.849029541015625,3.4517292976379395,True,False,0,0
3074,PushT,0.08,76,65,0.02358722686767578,11.0345458984375,1.3955835103988647,False,True,49,29
3074,PushT,0.08,77,65,256.6444396972656,6.324493408203125,1.6020606756210327,True,False,0,0
3074,PushT,0.08,78,65,125.35037231445312,36.28065490722656,5.103198528289795,True,False,0,0
3074,PushT,0.08,79,65,9.149978637695312,16.706405639648438,6.586034297943115,False,True,19,0
3074,PushT,0.08,80,65,58.88939666748047,8.558135986328125,1.9646878242492676,True,False,0,0
3074,PushT,0.08,81,65,133.5654754638672,7.82403564453125,1.3307925462722778,True,False,0,0
3074,PushT,0.08,82,65,55.06486511230469,14.47265625,4.046244144439697,True,False,0,0
3074,PushT,0.08,83,65,89.15602111816406,5.887969970703125,1.0228089094161987,True,False,0,0
3074,PushT,0.08,84,65,230.6322479248047,8.69696044921875,2.9423577785491943,True,False,0,0
3074,PushT,0.08,85,65,123.01229858398438,30.861204147338867,6.955732822418213,True,False,0,0
3074,PushT,0.08,86,65,236.84925842285156,17.830169677734375,3.9961726665496826,True,False,0,0
3074,PushT,0.08,87,65,221.4506072998047,12.283584594726562,2.2919201850891113,True,False,0,0
3074,PushT,0.08,88,65,213.23863220214844,7.4921875,2.298557758331299,True,False,0,0
3074,PushT,0.08,89,65,344.3244934082031,7.639862060546875,1.539731502532959,True,False,0,0
3074,PushT,0.08,90,65,275.5882873535156,28.76116943359375,4.865287780761719,True,False,0,0
3074,PushT,0.08,91,65,185.8796844482422,2.367919921875,0.8171908259391785,True,False,0,0
3074,PushT,0.08,92,65,352.69512939453125,8.30963134765625,1.3871066570281982,True,False,0,0
3074,PushT,0.08,93,65,43.379241943359375,26.6854248046875,3.5202853679656982,False,False,0,0
3074,PushT,0.08,94,65,88.86405944824219,33.908843994140625,6.740281581878662,True,False,0,0
3074,PushT,0.08,95,65,149.12164306640625,26.3270263671875,7.916276454925537,True,False,0,0
3074,PushT,0.08,96,65,10.829368591308594,4.358306884765625,0.8322643041610718,True,False,0,0
3074,PushT,0.08,97,65,92.44760131835938,149.65968322753906,13.663639068603516,False,False,0,0
3074,PushT,0.08,98,65,241.47256469726562,24.966461181640625,4.3713297843933105,True,False,0,0
3074,PushT,0.08,99,65,5.059856414794922,11.34503173828125,2.626486301422119,False,False,16,16
3074,Reacher,0.0,0,65,306.22027587890625,391.78076171875,58.54657745361328,False,True,0,51
3074,Reacher,0.0,1,65,49.146053314208984,262.0772705078125,68.30438232421875,False,True,0,55
3074,Reacher,0.0,2,65,3.0214967727661133,333.66619873046875,94.1603775024414,False,True,21,39
3074,Reacher,0.0,3,65,16.058835983276367,297.67523193359375,123.55963897705078,False,True,0,53
3074,Reacher,0.0,4,65,1.9919486045837402,299.45880126953125,91.64859008789062,False,True,0,56
3074,Reacher,0.0,5,65,22.496339797973633,341.9801940917969,108.72444915771484,False,True,0,6
3074,Reacher,0.0,6,65,5.97124719619751,229.18212890625,65.6871337890625,False,True,0,27
3074,Reacher,0.0,7,65,1.9214553833007812,398.888916015625,142.71702575683594,False,True,40,16
3074,Reacher,0.0,8,65,0.5156042575836182,290.00128173828125,125.24034881591797,False,True,54,7
3074,Reacher,0.0,9,65,72.42086029052734,318.36083984375,92.7476577758789,False,True,0,35
3074,Reacher,0.0,10,65,13.150468826293945,190.99615478515625,57.24623489379883,False,True,0,8
3074,Reacher,0.0,11,65,13.586629867553711,237.6941680908203,76.96102142333984,False,True,0,7
3074,Reacher,0.0,12,65,0.1432037353515625,449.63922119140625,112.44965362548828,False,True,40,53
3074,Reacher,0.0,13,65,303.2524108886719,250.4060516357422,55.611083984375,False,False,0,0
3074,Reacher,0.0,14,65,124.94245910644531,112.71522521972656,13.42625617980957,False,False,0,0
3074,Reacher,0.0,15,65,22.103656768798828,330.94342041015625,112.14421844482422,False,True,0,49
3074,Reacher,0.0,16,65,18.824846267700195,256.38623046875,159.7647705078125,False,True,0,29
3074,Reacher,0.0,17,65,10.494162559509277,323.86236572265625,126.45198059082031,False,True,0,12
3074,Reacher,0.0,18,65,1.6341966390609741,249.81837463378906,102.93958282470703,False,True,0,46
3074,Reacher,0.0,19,65,29.0950870513916,239.43218994140625,77.29681396484375,False,True,0,44
3074,Reacher,0.0,20,65,12.895126342773438,359.6639099121094,54.96837615966797,False,True,0,10
3074,Reacher,0.0,21,65,0.12576723098754883,358.768310546875,138.96629333496094,False,True,0,6
3074,Reacher,0.0,22,65,5.054196357727051,157.42921447753906,49.17491912841797,False,True,0,18
3074,Reacher,0.0,23,65,0.19689249992370605,502.861328125,203.6947021484375,False,True,0,22
3074,Reacher,0.0,24,65,44.937278747558594,205.03506469726562,32.9852180480957,False,True,0,44
3074,Reacher,0.0,25,65,3.481828451156616,477.4635314941406,124.72773742675781,False,True,0,61
3074,Reacher,0.0,26,65,0.7178061008453369,338.5177917480469,79.12089538574219,False,True,41,30
3074,Reacher,0.0,27,65,4.729039192199707,250.4082794189453,102.97637176513672,False,True,0,21
3074,Reacher,0.0,28,65,0.6357123851776123,295.26446533203125,106.34780883789062,False,True,48,52
3074,Reacher,0.0,29,65,4.953430652618408,346.4986877441406,66.59580993652344,False,True,0,62
3074,Reacher,0.0,30,65,8.81095027923584,457.2998352050781,165.19882202148438,False,True,0,37
3074,Reacher,0.0,31,65,0.0852118730545044,209.42843627929688,66.31249237060547,False,True,39,41
3074,Reacher,0.0,32,65,15.920799255371094,424.05194091796875,134.93701171875,False,True,0,29
3074,Reacher,0.0,33,65,15.296147346496582,327.5606689453125,89.22416687011719,False,True,0,21
3074,Reacher,0.0,34,65,9.65869140625,423.53802490234375,117.7738037109375,False,True,0,27
3074,Reacher,0.0,35,65,182.16378784179688,309.4729309082031,61.621177673339844,False,True,0,40
3074,Reacher,0.0,36,65,21.564708709716797,422.87579345703125,79.31884765625,False,True,0,24
3074,Reacher,0.0,37,65,12.686470031738281,242.3256378173828,138.3893585205078,False,True,0,62
3074,Reacher,0.0,38,65,6.946554660797119,253.11083984375,131.7350311279297,False,True,0,20
3074,Reacher,0.0,39,65,1.3953337669372559,513.5986938476562,152.42010498046875,False,True,0,10
3074,Reacher,0.0,40,65,1.2678143978118896,311.2749328613281,100.1145248413086,False,True,50,3
3074,Reacher,0.0,41,65,18.010486602783203,293.8888244628906,148.67904663085938,False,True,0,24
3074,Reacher,0.0,42,65,54.731109619140625,361.19189453125,121.46691131591797,False,True,0,62
3074,Reacher,0.0,43,65,1.0580838918685913,262.82720947265625,90.91886901855469,False,True,0,35
3074,Reacher,0.0,44,65,89.93108367919922,517.6109619140625,161.8805389404297,False,True,0,26
3074,Reacher,0.0,45,65,36.30595016479492,274.7611389160156,70.4835205078125,False,True,0,61
3074,Reacher,0.0,46,65,3.54727840423584,334.9806823730469,86.84493255615234,False,True,0,26
3074,Reacher,0.0,47,65,25.290142059326172,389.94683837890625,121.30689239501953,False,True,0,52
3074,Reacher,0.0,48,65,118.63343811035156,492.2030944824219,137.35446166992188,False,True,0,31
3074,Reacher,0.0,49,65,9.416219711303711,321.9113464355469,112.3536148071289,False,True,0,9
3074,Reacher,0.0,50,65,1.5522394180297852,254.4956512451172,68.32637786865234,False,True,0,53
3074,Reacher,0.0,51,65,134.3999786376953,457.7095642089844,72.62773895263672,False,True,0,8
3074,Reacher,0.0,52,65,97.73026275634766,97.96487426757812,29.297239303588867,False,False,0,0
3074,Reacher,0.0,53,65,53.259788513183594,241.29620361328125,52.45573806762695,False,False,0,0
3074,Reacher,0.0,54,65,28.531829833984375,233.74034118652344,61.201622009277344,False,True,0,7
3074,Reacher,0.0,55,65,26.166488647460938,320.30670166015625,105.11647033691406,False,True,0,45
3074,Reacher,0.0,56,65,10.215249061584473,262.335693359375,91.64120483398438,False,True,0,9
3074,Reacher,0.0,57,65,3.0963125228881836,451.1654968261719,147.87937927246094,False,True,0,1
3074,Reacher,0.0,58,65,29.323606491088867,347.6195983886719,91.59712982177734,False,True,0,24
3074,Reacher,0.0,59,65,74.9037857055664,361.7830505371094,119.7959213256836,False,True,0,62
3074,Reacher,0.0,60,65,8.444812774658203,349.751953125,120.19410705566406,False,True,0,31
3074,Reacher,0.0,61,65,28.110130310058594,251.20428466796875,63.09702682495117,False,True,0,34
3074,Reacher,0.0,62,65,18.47314453125,334.7611999511719,102.89231872558594,False,True,0,6
3074,Reacher,0.0,63,65,21.354738235473633,297.2955627441406,87.18506622314453,False,True,0,39
3074,Reacher,0.0,64,65,47.872596740722656,318.4682922363281,83.00745391845703,False,True,0,59
3074,Reacher,0.0,65,65,31.620840072631836,238.39120483398438,64.5064697265625,False,False,0,0
3074,Reacher,0.0,66,65,18.689716339111328,194.44696044921875,37.249267578125,False,True,0,45
3074,Reacher,0.0,67,65,36.58341979980469,399.65576171875,106.5488510131836,False,True,0,34
3074,Reacher,0.0,68,65,42.472320556640625,100.02403259277344,16.448049545288086,False,False,0,0
3074,Reacher,0.0,69,65,28.629772186279297,291.4852294921875,68.77253723144531,False,True,0,54
3074,Reacher,0.0,70,65,2.2342967987060547,210.97442626953125,70.541259765625,False,True,0,33
3074,Reacher,0.0,71,65,8.612796783447266,365.4989013671875,100.7171630859375,False,True,0,61
3074,Reacher,0.0,72,65,37.37298583984375,208.42306518554688,32.351985931396484,False,True,0,13
3074,Reacher,0.0,73,65,7.282773971557617,180.51817321777344,62.05773162841797,False,True,0,24
3074,Reacher,0.0,74,65,55.39439392089844,335.9283447265625,87.96466064453125,False,True,0,36
3074,Reacher,0.0,75,65,3.0923638343811035,524.099853515625,140.66595458984375,False,True,0,25
3074,Reacher,0.0,76,65,16.949438095092773,301.8028869628906,91.07920837402344,False,True,0,49
3074,Reacher,0.0,77,65,184.2787628173828,367.7760925292969,123.36940002441406,False,True,0,13
3074,Reacher,0.0,78,65,3.249332904815674,205.45921325683594,51.77387619018555,False,True,0,59
3074,Reacher,0.0,79,65,102.16068267822266,444.2889404296875,96.42401123046875,False,True,0,51
3074,Reacher,0.0,80,65,1.7596995830535889,228.39474487304688,112.54216766357422,False,True,0,63
3074,Reacher,0.0,81,65,0.06660377979278564,374.8762512207031,118.00235748291016,False,True,33,20
3074,Reacher,0.0,82,65,45.77720260620117,376.24603271484375,86.13933563232422,False,True,0,25
3074,Reacher,0.0,83,65,11.081528663635254,230.08840942382812,78.75552368164062,False,False,0,0
3074,Reacher,0.0,84,65,168.6864471435547,188.92202758789062,45.68438720703125,False,True,0,23
3074,Reacher,0.0,85,65,6.980790615081787,444.6152648925781,136.2915496826172,False,True,0,53
3074,Reacher,0.0,86,65,5.908596515655518,299.55670166015625,168.53497314453125,False,True,0,21
3074,Reacher,0.0,87,65,9.230469703674316,351.14404296875,143.2415771484375,False,True,0,2
3074,Reacher,0.0,88,65,5.289582252502441,471.4150390625,139.1009521484375,False,True,0,53
3074,Reacher,0.0,89,65,11.362569808959961,325.47723388671875,66.79788208007812,False,True,0,24
3074,Reacher,0.0,90,65,93.21346282958984,301.77020263671875,82.88758850097656,False,True,0,15
3074,Reacher,0.0,91,65,284.44024658203125,365.34637451171875,41.24745559692383,False,True,0,4
3074,Reacher,0.0,92,65,5.2098870277404785,393.7870788574219,131.3151092529297,False,True,0,34
3074,Reacher,0.0,93,65,26.198020935058594,367.666015625,134.9250946044922,False,True,0,13
3074,Reacher,0.0,94,65,4.704102993011475,272.7302551269531,108.0458755493164,False,True,0,31
3074,Reacher,0.0,95,65,16.828651428222656,169.0888214111328,47.166297912597656,False,True,0,64
3074,Reacher,0.0,96,65,0.7835975885391235,288.3152160644531,82.65520477294922,False,True,0,55
3074,Reacher,0.0,97,65,60.34226989746094,173.08958435058594,41.469791412353516,False,False,0,0
3074,Reacher,0.0,98,65,48.206199645996094,187.19857788085938,45.261173248291016,False,True,0,29
3074,Reacher,0.0,99,65,25.87348175048828,456.2786560058594,165.12950134277344,False,True,0,15
3074,Reacher,0.08,0,65,310.6990661621094,4.87469482421875,1.668686866760254,True,False,0,0
3074,Reacher,0.08,1,65,44.972896575927734,4.3135833740234375,1.118536114692688,True,False,0,0
3074,Reacher,0.08,2,65,1.5040793418884277,7.3473358154296875,2.128296136856079,False,False,0,0
3074,Reacher,0.08,3,65,7.973062515258789,4.179656982421875,1.2994056940078735,False,False,0,0
3074,Reacher,0.08,4,65,0.13023626804351807,2.050506591796875,0.440047949552536,False,False,0,0
3074,Reacher,0.08,5,65,11.906355857849121,19.04644775390625,5.011476516723633,False,False,0,0
3074,Reacher,0.08,6,65,20.066940307617188,5.965362548828125,1.5924620628356934,True,False,0,0
3074,Reacher,0.08,7,65,0.393451452255249,4.7791748046875,1.3084371089935303,False,False,40,40
3074,Reacher,0.08,8,65,7.378635406494141,6.8582763671875,1.5067691802978516,False,False,0,0
3074,Reacher,0.08,9,65,81.67974853515625,7.2303466796875,2.612057685852051,True,False,0,0
3074,Reacher,0.08,10,65,22.3776912689209,5.1289825439453125,1.2338775396347046,True,False,0,0
3074,Reacher,0.08,11,65,11.462446212768555,8.802597045898438,2.693335771560669,False,False,0,0
3074,Reacher,0.08,12,65,1.0681047439575195,8.914169311523438,2.323207139968872,False,False,0,0
3074,Reacher,0.08,13,65,287.5709228515625,1.9097900390625,0.5079513788223267,True,False,0,0
3074,Reacher,0.08,14,65,128.69204711914062,1.69879150390625,0.30879634618759155,True,False,0,0
3074,Reacher,0.08,15,65,22.163928985595703,3.0057220458984375,0.42931318283081055,True,False,0,0
3074,Reacher,0.08,16,65,17.990915298461914,1.6234283447265625,0.3173471987247467,True,False,0,0
3074,Reacher,0.08,17,65,4.545576095581055,6.447540283203125,2.5154247283935547,False,False,0,0
3074,Reacher,0.08,18,65,3.2078773975372314,10.014755249023438,2.7274389266967773,False,False,0,0
3074,Reacher,0.08,19,65,21.41533660888672,9.959854125976562,2.0144431591033936,True,False,0,0
3074,Reacher,0.08,20,65,16.38146209716797,3.992889404296875,0.6887376308441162,True,False,0,0
3074,Reacher,0.08,21,65,2.0470657348632812,2.194091796875,0.4053886830806732,False,False,14,14
3074,Reacher,0.08,22,65,2.795788288116455,0.546905517578125,0.1693500578403473,True,False,0,0
3074,Reacher,0.08,23,65,0.005264759063720703,8.00506591796875,1.6982507705688477,False,True,63,0
3074,Reacher,0.08,24,65,45.486873626708984,3.026885986328125,0.5816149115562439,True,False,0,0
3074,Reacher,0.08,25,65,0.7729175090789795,3.229766845703125,0.7496564984321594,False,False,0,0
3074,Reacher,0.08,26,65,2.99878191947937,7.224365234375,1.6452006101608276,False,False,0,0
3074,Reacher,0.08,27,65,5.987905502319336,14.579788208007812,5.275540828704834,False,False,0,0
3074,Reacher,0.08,28,65,1.7479057312011719,5.916412353515625,1.0216883420944214,False,False,0,0
3074,Reacher,0.08,29,65,7.269118785858154,5.236671447753906,1.1020675897598267,False,False,0,0
3074,Reacher,0.08,30,65,12.762680053710938,14.248977661132812,2.505686044692993,False,False,0,0
3074,Reacher,0.08,31,65,0.16718226671218872,3.573883056640625,0.7495934367179871,False,False,6,6
3074,Reacher,0.08,32,65,15.269733428955078,3.69232177734375,1.1924999952316284,True,False,0,0
3074,Reacher,0.08,33,65,18.695571899414062,6.3457489013671875,1.578065276145935,True,False,0,0
3074,Reacher,0.08,34,65,15.813021659851074,6.6697235107421875,1.0031615495681763,True,False,0,0
3074,Reacher,0.08,35,65,226.06320190429688,0.9705352783203125,0.15614543855190277,True,False,0,0
3074,Reacher,0.08,36,65,32.8801155090332,5.313232421875,0.9736562371253967,True,False,0,0
3074,Reacher,0.08,37,65,15.607097625732422,0.782745361328125,0.2394612580537796,True,False,0,0
3074,Reacher,0.08,38,65,7.471724510192871,3.3898162841796875,1.1403406858444214,True,False,0,0
3074,Reacher,0.08,39,65,0.41173696517944336,1.945159912109375,0.7251334190368652,False,False,52,52
3074,Reacher,0.08,40,65,0.5727580785751343,6.7764739990234375,1.734394907951355,False,False,50,50
3074,Reacher,0.08,41,65,20.819805145263672,2.46356201171875,0.6207945346832275,True,False,0,0
3074,Reacher,0.08,42,65,47.247718811035156,4.7276153564453125,0.7639346122741699,True,False,0,0
3074,Reacher,0.08,43,65,0.867307186126709,3.51593017578125,0.7994909286499023,False,False,51,51
3074,Reacher,0.08,44,65,94.97026062011719,4.32080078125,0.754212498664856,True,False,0,0
3074,Reacher,0.08,45,65,35.760562896728516,2.1564483642578125,0.5315600037574768,True,False,0,0
3074,Reacher,0.08,46,65,4.695176124572754,9.10595703125,2.673975944519043,False,False,0,0
3074,Reacher,0.08,47,65,21.328500747680664,1.669097900390625,0.4056321978569031,True,False,0,0
3074,Reacher,0.08,48,65,137.19898986816406,2.826873779296875,0.781803548336029,True,False,0,0
3074,Reacher,0.08,49,65,6.431058406829834,2.903778076171875,0.9111403226852417,True,False,0,0
3074,Reacher,0.08,50,65,2.662062883377075,6.731201171875,1.7858545780181885,False,False,12,12
3074,Reacher,0.08,51,65,120.6541748046875,4.0360107421875,0.5696898102760315,True,False,0,0
3074,Reacher,0.08,52,65,117.2496337890625,3.854888916015625,1.0424591302871704,True,False,0,0
3074,Reacher,0.08,53,65,61.97100067138672,5.45556640625,0.8905002474784851,True,False,0,0
3074,Reacher,0.08,54,65,31.92995262145996,7.269317626953125,2.0911197662353516,True,False,0,0
3074,Reacher,0.08,55,65,26.280431747436523,10.279815673828125,2.3597803115844727,True,False,0,0
3074,Reacher,0.08,56,65,14.378241539001465,1.359588623046875,0.36232587695121765,True,False,0,0
3074,Reacher,0.08,57,65,3.59382700920105,7.6315460205078125,1.5012933015823364,False,False,0,0
3074,Reacher,0.08,58,65,28.25591278076172,1.6274261474609375,0.4707719683647156,True,False,0,0
3074,Reacher,0.08,59,65,169.6912841796875,7.3501129150390625,1.2307050228118896,True,False,0,0
3074,Reacher,0.08,60,65,11.571467399597168,4.34625244140625,0.6696528792381287,True,False,0,0
3074,Reacher,0.08,61,65,29.209421157836914,2.6367416381835938,0.627352774143219,True,False,0,0
3074,Reacher,0.08,62,65,6.079803466796875,3.1068649291992188,0.9025810360908508,False,False,0,0
3074,Reacher,0.08,63,65,28.48468780517578,6.148353576660156,1.8836777210235596,True,False,0,0
3074,Reacher,0.08,64,65,74.56641387939453,6.658660888671875,1.2616453170776367,True,False,0,0
3074,Reacher,0.08,65,65,51.412010192871094,6.9577789306640625,1.7049686908721924,True,False,0,0
3074,Reacher,0.08,66,65,13.182978630065918,3.847991943359375,0.7467718720436096,True,False,0,0
3074,Reacher,0.08,67,65,31.67728614807129,5.046714782714844,1.1582674980163574,True,False,0,0
3074,Reacher,0.08,68,65,46.03041076660156,10.378326416015625,2.8494510650634766,True,False,0,0
3074,Reacher,0.08,69,65,19.22739028930664,5.412750244140625,1.393871784210205,True,False,0,0
3074,Reacher,0.08,70,65,0.9826635122299194,3.328369140625,0.8125186562538147,False,False,0,0
3074,Reacher,0.08,71,65,6.621997833251953,10.061271667480469,2.5741846561431885,False,False,0,0
3074,Reacher,0.08,72,65,36.33335494995117,7.10552978515625,1.5569649934768677,True,False,0,0
3074,Reacher,0.08,73,65,12.239666938781738,5.421684265136719,1.7190115451812744,True,False,0,0
3074,Reacher,0.08,74,65,49.23563003540039,5.04443359375,0.8899617791175842,True,False,0,0
3074,Reacher,0.08,75,65,4.516743183135986,10.6785888671875,2.2896249294281006,False,False,0,0
3074,Reacher,0.08,76,65,21.16197967529297,10.52801513671875,2.9177863597869873,True,False,0,0
3074,Reacher,0.08,77,65,202.5155029296875,6.74993896484375,1.3712389469146729,True,False,0,0
3074,Reacher,0.08,78,65,0.750922441482544,3.7534027099609375,0.8257657289505005,False,False,30,30
3074,Reacher,0.08,79,65,126.90074920654297,12.138381958007812,2.493678331375122,True,False,0,0
3074,Reacher,0.08,80,65,2.4094104766845703,8.646621704101562,2.648203134536743,False,False,0,0
3074,Reacher,0.08,81,65,0.858157753944397,2.1994171142578125,0.6805278658866882,False,False,0,0
3074,Reacher,0.08,82,65,48.38197708129883,3.268829345703125,0.8100877404212952,True,False,0,0
3074,Reacher,0.08,83,65,11.367524147033691,8.282318115234375,2.1892824172973633,False,False,0,0
3074,Reacher,0.08,84,65,187.60462951660156,2.83135986328125,0.3389896750450134,True,False,0,0
3074,Reacher,0.08,85,65,1.4245202541351318,3.920623779296875,1.4915663003921509,False,False,0,0
3074,Reacher,0.08,86,65,8.669598579406738,12.461044311523438,1.6277310848236084,False,False,0,0
3074,Reacher,0.08,87,65,8.238868713378906,2.939483642578125,0.8491143584251404,True,False,0,0
3074,Reacher,0.08,88,65,5.193153381347656,6.2145233154296875,2.120579719543457,False,False,0,0
3074,Reacher,0.08,89,65,16.765939712524414,3.5905914306640625,0.8239777684211731,True,False,0,0
3074,Reacher,0.08,90,65,113.54627990722656,12.745025634765625,2.550381660461426,True,False,0,0
3074,Reacher,0.08,91,65,270.6419982910156,4.494873046875,1.2297760248184204,True,False,0,0
3074,Reacher,0.08,92,65,4.88960599899292,7.7302093505859375,2.3101038932800293,False,False,0,0
3074,Reacher,0.08,93,65,25.59537124633789,5.490226745605469,1.8985538482666016,True,False,0,0
3074,Reacher,0.08,94,65,5.894736289978027,3.09716796875,0.6323392391204834,False,False,0,0
3074,Reacher,0.08,95,65,30.17318344116211,3.215057373046875,1.0860570669174194,True,False,0,0
3074,Reacher,0.08,96,65,0.7685503959655762,1.3413925170898438,0.3084254860877991,False,False,0,0
3074,Reacher,0.08,97,65,68.40563201904297,6.6439056396484375,1.0131388902664185,True,False,0,0
3074,Reacher,0.08,98,65,67.00015258789062,15.252288818359375,2.5520782470703125,True,False,0,0
3074,Reacher,0.08,99,65,33.84108352661133,5.962654113769531,1.8857132196426392,True,False,0,0
3074,Cube,0.0,0,65,232.59744262695312,147.6129913330078,35.789798736572266,False,False,0,0
3074,Cube,0.0,1,65,13.790706634521484,472.40960693359375,83.34539794921875,False,True,0,14
3074,Cube,0.0,2,65,120.28411102294922,416.1110534667969,74.41996765136719,False,True,0,51
3074,Cube,0.0,3,65,117.66944885253906,426.9321594238281,103.56741333007812,False,True,0,17
3074,Cube,0.0,4,65,8.23615837097168,205.00282287597656,59.96778869628906,False,True,0,59
3074,Cube,0.0,5,65,51.362281799316406,395.446533203125,82.37835693359375,False,True,0,25
3074,Cube,0.0,6,65,28.30263900756836,241.72862243652344,43.508052825927734,False,True,0,19
3074,Cube,0.0,7,65,10.879047393798828,117.76943969726562,41.51704788208008,False,True,0,52
3074,Cube,0.0,8,65,92.71205139160156,350.2214660644531,89.6280746459961,False,True,0,62
3074,Cube,0.0,9,65,147.16844177246094,151.7837677001953,50.369850158691406,False,False,0,0
3074,Cube,0.0,10,65,261.6206970214844,379.2450866699219,51.802818298339844,False,True,0,21
3074,Cube,0.0,11,65,39.61320877075195,504.4439392089844,136.30393981933594,False,True,0,17
3074,Cube,0.0,12,65,33.33671569824219,148.10122680664062,37.472686767578125,False,True,0,37
3074,Cube,0.0,13,65,48.27055358886719,406.2973937988281,123.71016693115234,False,True,0,41
3074,Cube,0.0,14,65,54.054344177246094,406.39605712890625,105.06198120117188,False,True,0,35
3074,Cube,0.0,15,65,130.51162719726562,429.3413391113281,109.71681213378906,False,True,0,54
3074,Cube,0.0,16,65,107.54174041748047,531.2259521484375,124.78692626953125,False,True,0,42
3074,Cube,0.0,17,65,36.361454010009766,309.7838439941406,107.44633483886719,False,True,0,27
3074,Cube,0.0,18,65,33.793548583984375,467.5966796875,142.43673706054688,False,True,0,62
3074,Cube,0.0,19,65,277.0429992675781,408.82366943359375,96.58258056640625,False,True,0,3
3074,Cube,0.0,20,65,72.23944091796875,332.921630859375,84.94766998291016,False,True,0,13
3074,Cube,0.0,21,65,340.2119445800781,509.6029968261719,44.80422592163086,False,True,0,40
3074,Cube,0.0,22,65,266.21514892578125,338.2882385253906,78.04310607910156,False,True,0,51
3074,Cube,0.0,23,65,56.42691421508789,464.2759704589844,104.17851257324219,False,True,0,62
3074,Cube,0.0,24,65,43.36344909667969,441.5605163574219,96.51505279541016,False,True,0,55
3074,Cube,0.0,25,65,125.91997528076172,496.1889953613281,71.34407806396484,False,True,0,19
3074,Cube,0.0,26,65,147.96873474121094,138.02081298828125,28.198768615722656,False,False,0,0
3074,Cube,0.0,27,65,9.49846076965332,272.2195129394531,91.55154418945312,False,True,0,57
3074,Cube,0.0,28,65,58.832176208496094,253.4741668701172,55.2688102722168,False,True,0,58
3074,Cube,0.0,29,65,15.354917526245117,411.6531677246094,141.2071075439453,False,True,0,36
3074,Cube,0.0,30,65,80.59545135498047,374.3716735839844,70.77012634277344,False,True,0,47
3074,Cube,0.0,31,65,120.07469177246094,352.6448669433594,83.49259185791016,False,True,0,60
3074,Cube,0.0,32,65,34.568355560302734,267.88037109375,98.55257415771484,False,True,0,63
3074,Cube,0.0,33,65,30.166492462158203,414.43218994140625,114.08544921875,False,True,0,33
3074,Cube,0.0,34,65,99.20161437988281,358.3676452636719,62.76151657104492,False,True,0,17
3074,Cube,0.0,35,65,51.3234977722168,289.54541015625,86.36036682128906,False,True,0,44
3074,Cube,0.0,36,65,10.871965408325195,194.9573516845703,47.027748107910156,False,True,0,29
3074,Cube,0.0,37,65,52.009544372558594,464.28204345703125,111.84321594238281,False,True,0,61
3074,Cube,0.0,38,65,286.16998291015625,246.17510986328125,79.87696838378906,False,False,0,0
3074,Cube,0.0,39,65,56.31379318237305,500.4478759765625,172.13040161132812,False,True,0,10
3074,Cube,0.0,40,65,123.66801452636719,309.33062744140625,55.221012115478516,False,True,0,39
3074,Cube,0.0,41,65,202.7178192138672,349.7444763183594,57.10806655883789,False,True,0,52
3074,Cube,0.0,42,65,64.96965789794922,267.6231384277344,59.79400634765625,False,True,0,31
3074,Cube,0.0,43,65,120.82352447509766,359.8397216796875,98.46871185302734,False,True,0,26
3074,Cube,0.0,44,65,52.92857360839844,240.4725341796875,66.24466705322266,False,True,0,46
3074,Cube,0.0,45,65,209.21246337890625,368.030029296875,87.00933837890625,False,True,0,42
3074,Cube,0.0,46,65,58.71862030029297,316.4945983886719,75.51446533203125,False,True,0,11
3074,Cube,0.0,47,65,13.690284729003906,148.48077392578125,45.77296447753906,False,True,0,63
3074,Cube,0.0,48,65,112.03469848632812,417.0993957519531,68.46382141113281,False,True,0,14
3074,Cube,0.0,49,65,9.741403579711914,434.77862548828125,118.86868286132812,False,True,0,32
3074,Cube,0.0,50,65,311.47869873046875,434.9275817871094,78.86284637451172,False,True,0,13
3074,Cube,0.0,51,65,7.110157012939453,218.40350341796875,78.2027359008789,False,True,26,49
3074,Cube,0.0,52,65,77.35445404052734,331.7989501953125,50.364322662353516,False,True,0,32
3074,Cube,0.0,53,65,168.3606414794922,493.46197509765625,101.8150863647461,False,True,0,34
3074,Cube,0.0,54,65,308.602783203125,416.99981689453125,58.024044036865234,False,True,0,30
3074,Cube,0.0,55,65,7.856482028961182,107.33343505859375,24.79084014892578,False,True,0,36
3074,Cube,0.0,56,65,115.75785064697266,365.41253662109375,55.267677307128906,False,True,0,31
3074,Cube,0.0,57,65,70.64046478271484,326.6002502441406,67.00212097167969,False,True,0,33
3074,Cube,0.0,58,65,28.66860580444336,392.2296142578125,92.98530578613281,False,True,0,24
3074,Cube,0.0,59,65,270.2941589355469,404.5832214355469,54.90970230102539,False,True,0,34
3074,Cube,0.0,60,65,309.678955078125,436.2250061035156,43.77888488769531,False,True,0,42
3074,Cube,0.0,61,65,19.318092346191406,178.54132080078125,56.05449295043945,False,True,0,59
3074,Cube,0.0,62,65,126.45880889892578,333.0972900390625,54.896995544433594,False,True,0,19
3074,Cube,0.0,63,65,60.2540283203125,212.74119567871094,50.82716369628906,False,True,0,55
3074,Cube,0.0,64,65,265.9404296875,431.2567138671875,44.81696701049805,False,True,0,55
3074,Cube,0.0,65,65,148.45945739746094,448.490966796875,82.64033508300781,False,True,0,16
3074,Cube,0.0,66,65,103.8502197265625,485.006103515625,81.67173767089844,False,True,0,23
3074,Cube,0.0,67,65,76.18435668945312,460.7570495605469,107.0298843383789,False,True,0,5
3074,Cube,0.0,68,65,168.08639526367188,354.4604797363281,65.36981201171875,False,True,0,54
3074,Cube,0.0,69,65,199.1958770751953,413.71063232421875,66.68901824951172,False,True,0,21
3074,Cube,0.0,70,65,97.56714630126953,374.5991516113281,76.8431167602539,False,True,0,33
3074,Cube,0.0,71,65,118.92400360107422,265.4319763183594,64.75782012939453,False,True,0,59
3074,Cube,0.0,72,65,49.42454528808594,156.32431030273438,32.17036819458008,False,True,0,29
3074,Cube,0.0,73,65,29.329605102539062,442.965087890625,127.79080200195312,False,True,0,44
3074,Cube,0.0,74,65,75.48867797851562,387.0433044433594,72.64606475830078,False,True,0,47
3074,Cube,0.0,75,65,33.70820617675781,391.8081970214844,88.08143615722656,False,True,0,58
3074,Cube,0.0,76,65,17.770278930664062,373.4373474121094,135.78305053710938,False,True,0,3
3074,Cube,0.0,77,65,8.505126953125,410.4721984863281,117.48326873779297,False,True,0,40
3074,Cube,0.0,78,65,259.44305419921875,412.9368896484375,81.33761596679688,False,True,0,25
3074,Cube,0.0,79,65,19.559911727905273,262.7596435546875,105.48396301269531,False,True,0,47
3074,Cube,0.0,80,65,82.51141357421875,374.3211669921875,101.51627349853516,False,True,0,2
3074,Cube,0.0,81,65,159.17144775390625,431.41943359375,78.6047134399414,False,True,0,59
3074,Cube,0.0,82,65,82.00784301757812,383.841552734375,95.10745239257812,False,True,0,63
3074,Cube,0.0,83,65,140.58279418945312,412.7900695800781,82.94235229492188,False,True,0,25
3074,Cube,0.0,84,65,64.13750457763672,449.4440612792969,133.4193572998047,False,True,0,34
3074,Cube,0.0,85,65,20.629438400268555,443.0797424316406,131.6867218017578,False,True,0,20
3074,Cube,0.0,86,65,29.836727142333984,402.7292175292969,107.168701171875,False,True,0,37
3074,Cube,0.0,87,65,16.078447341918945,185.77174377441406,59.34314727783203,False,True,0,17
3074,Cube,0.0,88,65,285.67401123046875,410.10205078125,63.7186164855957,False,True,0,47
3074,Cube,0.0,89,65,88.6881332397461,273.83441162109375,94.42161560058594,False,True,0,43
3074,Cube,0.0,90,65,258.06390380859375,367.93255615234375,75.62754821777344,False,True,0,44
3074,Cube,0.0,91,65,32.382102966308594,553.0247802734375,167.68722534179688,False,True,0,30
3074,Cube,0.0,92,65,59.100799560546875,347.3558044433594,95.48712921142578,False,True,0,33
3074,Cube,0.0,93,65,228.78955078125,434.400634765625,76.07299041748047,False,True,0,13
3074,Cube,0.0,94,65,38.11126708984375,484.10845947265625,132.61883544921875,False,True,0,3
3074,Cube,0.0,95,65,255.23526000976562,414.76171875,43.45029830932617,False,True,0,45
3074,Cube,0.0,96,65,33.50273132324219,509.1921081542969,164.1947021484375,False,True,0,64
3074,Cube,0.0,97,65,16.694683074951172,473.83154296875,121.07276916503906,False,True,0,21
3074,Cube,0.0,98,65,101.00951385498047,369.81610107421875,70.5726089477539,False,True,0,15
3074,Cube,0.0,99,65,151.8851776123047,377.86529541015625,68.55358123779297,False,True,0,2
3074,Cube,0.08,0,65,244.5100555419922,3.080963134765625,0.8567550182342529,True,False,0,0
3074,Cube,0.08,1,65,130.8508758544922,15.339263916015625,2.9864375591278076,True,False,0,0
3074,Cube,0.08,2,65,101.684814453125,12.949127197265625,2.6148903369903564,True,False,0,0
3074,Cube,0.08,3,65,30.741146087646484,9.044677734375,2.4111099243164062,True,False,0,0
3074,Cube,0.08,4,65,7.354541778564453,8.95166015625,2.177725315093994,False,False,0,0
3074,Cube,0.08,5,65,67.40773010253906,3.4527587890625,1.1088290214538574,True,False,0,0
3074,Cube,0.08,6,65,26.145647048950195,13.047622680664062,2.9909229278564453,True,False,0,0
3074,Cube,0.08,7,65,22.050003051757812,8.907241821289062,1.633502721786499,True,False,0,0
3074,Cube,0.08,8,65,38.390716552734375,23.39471435546875,4.338451385498047,False,False,0,0
3074,Cube,0.08,9,65,170.7591552734375,19.47808837890625,3.164069414138794,True,False,0,0
3074,Cube,0.08,10,65,247.4755096435547,3.669525146484375,1.3436049222946167,True,False,0,0
3074,Cube,0.08,11,65,19.28496551513672,8.710494995117188,1.9207909107208252,True,False,0,0
3074,Cube,0.08,12,65,74.55752563476562,9.107933044433594,1.4274022579193115,True,False,0,0
3074,Cube,0.08,13,65,94.40770721435547,4.4735870361328125,1.1951345205307007,True,False,0,0
3074,Cube,0.08,14,65,50.2000732421875,5.61279296875,1.2776756286621094,True,False,0,0
3074,Cube,0.08,15,65,62.92074966430664,11.114959716796875,2.0813186168670654,True,False,0,0
3074,Cube,0.08,16,65,204.724609375,42.848175048828125,6.171257019042969,True,False,0,0
3074,Cube,0.08,17,65,32.127174377441406,29.0506591796875,5.267370700836182,False,False,0,0
3074,Cube,0.08,18,65,23.525588989257812,15.80523681640625,3.359609603881836,False,False,0,0
3074,Cube,0.08,19,65,105.14205169677734,2.355560302734375,0.3641940653324127,True,False,0,0
3074,Cube,0.08,20,65,52.88618469238281,15.440414428710938,2.5780646800994873,True,False,0,0
3074,Cube,0.08,21,65,236.27554321289062,8.99456787109375,1.3247991800308228,True,False,0,0
3074,Cube,0.08,22,65,268.78619384765625,5.806671142578125,0.849542498588562,True,False,0,0
3074,Cube,0.08,23,65,54.55502700805664,25.2130126953125,3.0956969261169434,True,False,0,0
3074,Cube,0.08,24,65,36.230682373046875,21.098602294921875,2.584627628326416,False,False,0,0
3074,Cube,0.08,25,65,114.5078125,6.6574859619140625,1.0583416223526,True,False,0,0
3074,Cube,0.08,26,65,98.96701049804688,4.5255889892578125,0.6563097834587097,True,False,0,0
3074,Cube,0.08,27,65,3.160823106765747,6.243316650390625,1.6371567249298096,False,False,0,0
3074,Cube,0.08,28,65,40.83565139770508,6.247833251953125,1.207499623298645,True,False,0,0
3074,Cube,0.08,29,65,4.402024269104004,5.7630462646484375,2.144765615463257,False,False,0,0
3074,Cube,0.08,30,65,99.3242416381836,12.485809326171875,2.8700623512268066,True,False,0,0
3074,Cube,0.08,31,65,96.34783172607422,14.368148803710938,2.8817477226257324,True,False,0,0
3074,Cube,0.08,32,65,31.434219360351562,17.565933227539062,3.096635580062866,False,False,0,0
3074,Cube,0.08,33,65,42.62895202636719,11.362030029296875,2.4745595455169678,True,False,0,0
3074,Cube,0.08,34,65,116.44821166992188,11.39251708984375,2.0390453338623047,True,False,0,0
3074,Cube,0.08,35,65,32.445465087890625,5.7316741943359375,2.1402463912963867,True,False,0,0
3074,Cube,0.08,36,65,55.03418731689453,9.250030517578125,1.768916130065918,True,False,0,0
3074,Cube,0.08,37,65,57.462005615234375,8.077102661132812,1.8597468137741089,True,False,0,0
3074,Cube,0.08,38,65,290.8093566894531,5.45654296875,0.9643685221672058,True,False,0,0
3074,Cube,0.08,39,65,6.212591171264648,2.0632476806640625,0.6510600447654724,True,False,0,0
3074,Cube,0.08,40,65,117.89873504638672,7.73876953125,1.2241102457046509,True,False,0,0
3074,Cube,0.08,41,65,198.15415954589844,3.73284912109375,0.5906156897544861,True,False,0,0
3074,Cube,0.08,42,65,42.86167907714844,8.94305419921875,1.4639850854873657,True,False,0,0
3074,Cube,0.08,43,65,69.37928771972656,3.21270751953125,0.8586554527282715,True,False,0,0
3074,Cube,0.08,44,65,38.692649841308594,11.676429748535156,3.4716835021972656,True,False,0,0
3074,Cube,0.08,45,65,180.93045043945312,6.809356689453125,1.4277077913284302,True,False,0,0
3074,Cube,0.08,46,65,50.97136306762695,12.711639404296875,2.507796049118042,True,False,0,0
3074,Cube,0.08,47,65,0.5457439422607422,4.016166687011719,0.666649580001831,False,False,27,27
3074,Cube,0.08,48,65,108.81629180908203,11.697647094726562,2.566173553466797,True,False,0,0
3074,Cube,0.08,49,65,2.4401309490203857,9.7174072265625,2.2374472618103027,False,False,0,0
3074,Cube,0.08,50,65,319.0052795410156,9.679142951965332,1.5001755952835083,True,False,0,0
3074,Cube,0.08,51,65,14.215232849121094,11.697334289550781,2.6724565029144287,False,False,0,0
3074,Cube,0.08,52,65,48.611759185791016,8.199996948242188,2.6172451972961426,True,False,0,0
3074,Cube,0.08,53,65,266.0514221191406,3.716552734375,1.1813572645187378,True,False,0,0
3074,Cube,0.08,54,65,292.86639404296875,9.605499267578125,2.9238619804382324,True,False,0,0
3074,Cube,0.08,55,65,1.6850886344909668,21.173660278320312,3.3937952518463135,False,True,0,31
3074,Cube,0.08,56,65,116.33985900878906,3.6844482421875,0.7076005339622498,True,False,0,0
3074,Cube,0.08,57,65,65.69674682617188,3.086181640625,1.0204887390136719,True,False,0,0
3074,Cube,0.08,58,65,97.01422119140625,23.890304565429688,3.5638725757598877,True,False,0,0
3074,Cube,0.08,59,65,255.08169555664062,3.015777587890625,0.798464834690094,True,False,0,0
3074,Cube,0.08,60,65,351.98724365234375,4.465606689453125,1.103996753692627,True,False,0,0
3074,Cube,0.08,61,65,24.574426651000977,5.6629638671875,0.9489701390266418,True,False,0,0
3074,Cube,0.08,62,65,145.2891845703125,3.7786865234375,1.1288665533065796,True,False,0,0
3074,Cube,0.08,63,65,75.93682861328125,5.4754791259765625,1.1776777505874634,True,False,0,0
3074,Cube,0.08,64,65,347.08123779296875,5.8370361328125,1.791127324104309,True,False,0,0
3074,Cube,0.08,65,65,61.36639404296875,7.821868896484375,1.7072257995605469,True,False,0,0
3074,Cube,0.08,66,65,162.0973358154297,7.45001220703125,1.8100755214691162,True,False,0,0
3074,Cube,0.08,67,65,38.88170623779297,6.5379486083984375,1.8065471649169922,True,False,0,0
3074,Cube,0.08,68,65,50.64114761352539,7.400970458984375,2.2691192626953125,True,False,0,0
3074,Cube,0.08,69,65,282.6423645019531,7.375213623046875,1.868310570716858,True,False,0,0
3074,Cube,0.08,70,65,100.61881256103516,2.33502197265625,0.8441409468650818,True,False,0,0
3074,Cube,0.08,71,65,31.438175201416016,9.541748046875,2.628361940383911,True,False,0,0
3074,Cube,0.08,72,65,47.416351318359375,14.48681640625,2.6188225746154785,True,False,0,0
3074,Cube,0.08,73,65,30.660167694091797,6.7166290283203125,1.8971107006072998,True,False,0,0
3074,Cube,0.08,74,65,63.3631591796875,12.0888671875,3.1289632320404053,True,False,0,0
3074,Cube,0.08,75,65,33.71691131591797,4.0450897216796875,0.8729668855667114,True,False,0,0
3074,Cube,0.08,76,65,44.3735237121582,11.97235107421875,2.3835434913635254,True,False,0,0
3074,Cube,0.08,77,65,3.956439971923828,9.953399658203125,1.8726438283920288,False,False,0,0
3074,Cube,0.08,78,65,293.3091735839844,3.970703125,1.0697888135910034,True,False,0,0
3074,Cube,0.08,79,65,6.36460018157959,9.85577392578125,1.93170166015625,False,False,0,0
3074,Cube,0.08,80,65,60.78318786621094,20.12218475341797,3.849560260772705,True,False,0,0
3074,Cube,0.08,81,65,52.64861297607422,13.4708251953125,3.790325403213501,True,False,0,0
3074,Cube,0.08,82,65,84.40428924560547,9.88232421875,2.365816116333008,True,False,0,0
3074,Cube,0.08,83,65,150.17059326171875,9.392578125,2.1688642501831055,True,False,0,0
3074,Cube,0.08,84,65,66.98255157470703,18.25543212890625,5.553915023803711,True,False,0,0
3074,Cube,0.08,85,65,24.588672637939453,28.482467651367188,4.7347636222839355,False,False,0,0
3074,Cube,0.08,86,65,21.730024337768555,10.667831420898438,3.1016924381256104,True,False,0,0
3074,Cube,0.08,87,65,6.404912948608398,5.10382080078125,0.9646016359329224,False,False,0,0
3074,Cube,0.08,88,65,286.6805725097656,3.28961181640625,0.9388722777366638,True,False,0,0
3074,Cube,0.08,89,65,47.22925567626953,22.8001708984375,4.111793518066406,True,False,0,0
3074,Cube,0.08,90,65,152.16131591796875,6.84869384765625,1.2379521131515503,True,False,0,0
3074,Cube,0.08,91,65,31.958688735961914,28.28338623046875,3.481619358062744,False,False,0,0
3074,Cube,0.08,92,65,17.98797607421875,8.987396240234375,1.8061485290527344,True,False,0,0
3074,Cube,0.08,93,65,265.11810302734375,9.57781982421875,1.8399730920791626,True,False,0,0
3074,Cube,0.08,94,65,34.425479888916016,9.386512756347656,2.3878602981567383,True,False,0,0
3074,Cube,0.08,95,65,230.47589111328125,5.470073699951172,0.5240198373794556,True,False,0,0
3074,Cube,0.08,96,65,36.50526428222656,14.890167236328125,3.2492923736572266,True,False,0,0
3074,Cube,0.08,97,65,2.449044704437256,4.531219482421875,1.3210827112197876,False,False,0,0
3074,Cube,0.08,98,65,54.33396911621094,6.70526123046875,1.2082570791244507,True,False,0,0
3074,Cube,0.08,99,65,41.862064361572266,9.46234130859375,2.4274258613586426,True,False,0,0
